market,ml_stage,mean_dSharpe,share_improved,n,sig_pos_raw,sig_neg_raw,sig_pos_bh,sig_neg_bh,mean_base_sharpe
crypto,S1_filter,0.21914452143619764,0.9230769230769231,39,12,0,5,0,0.915615966655369
crypto,S2_regime,-0.27568561638455097,0.02564102564102564,39,0,7,0,0,0.915615966655369
crypto,S3_sizing,0.3985463965417195,0.9743589743589743,39,33,0,32,0,0.915615966655369
crypto,S4_exit,0.12876051898120897,0.8461538461538461,39,4,1,0,0,0.915615966655369
crypto,S5_params,0.03742386590261345,0.5384615384615384,39,2,1,0,0,0.915615966655369
equity_index,S1_filter,0.34568593608149384,0.9230769230769231,39,20,0,6,0,0.09789163564446021
equity_index,S2_regime,0.1075604731712343,0.8205128205128205,39,1,0,0,0,0.09789163564446021
equity_index,S3_sizing,0.4327429689093282,1.0,39,33,0,28,0,0.09789163564446021
equity_index,S4_exit,0.29437472089500577,0.9487179487179487,39,17,1,0,0,0.09789163564446021
equity_index,S5_params,0.14669952543691755,0.7948717948717948,39,5,0,0,0,0.09789163564446021
etf,S1_filter,0.3711688715304457,0.9487179487179487,39,30,0,21,0,0.006967096882215023
etf,S2_regime,0.03324674371896904,0.6410256410256411,39,0,0,0,0,0.006967096882215023
etf,S3_sizing,0.3643977495306711,1.0,39,33,0,31,0,0.006967096882215023
etf,S4_exit,0.24605343742589747,0.9487179487179487,39,23,1,0,0,0.006967096882215023
etf,S5_params,0.16926252384183435,0.8717948717948718,39,8,0,0,0,0.006967096882215023
futures,S1_filter,0.2920228376765167,0.9487179487179487,39,18,0,10,0,-0.12463218237498655
futures,S2_regime,-0.13755978866342988,0.1282051282051282,39,0,4,0,0,-0.12463218237498655
futures,S3_sizing,0.2485477424214885,0.9743589743589743,39,18,0,8,0,-0.12463218237498655
futures,S4_exit,0.1554961280232619,0.8717948717948718,39,2,0,1,0,-0.12463218237498655
futures,S5_params,0.15541361593085726,0.8461538461538461,39,5,0,0,0,-0.12463218237498655
fx_cross,S1_filter,0.10075003193905661,0.8461538461538461,39,2,0,2,0,-0.3129771126866115
fx_cross,S2_regime,-0.020384156177940014,0.38461538461538464,39,0,0,0,0,-0.3129771126866115
fx_cross,S3_sizing,-0.002567155903948549,0.5384615384615384,39,0,0,0,0,-0.3129771126866115
fx_cross,S4_exit,0.015013110242072756,0.6410256410256411,39,0,1,0,0,-0.3129771126866115
fx_cross,S5_params,-0.03951435278327412,0.41025641025641024,39,0,1,0,0,-0.3129771126866115
fx_em,S1_filter,0.46885437351657006,0.9743589743589743,39,31,0,23,0,-0.09620996017108491
fx_em,S2_regime,-0.13619193239141889,0.15384615384615385,39,1,10,0,0,-0.09620996017108491
fx_em,S3_sizing,0.2546953829368172,1.0,39,25,0,19,0,-0.09620996017108491
fx_em,S4_exit,0.11603594536071597,0.8461538461538461,39,4,0,1,0,-0.09620996017108491
fx_em,S5_params,0.06846095474212299,0.6923076923076923,39,3,0,1,0,-0.09620996017108491
fx_major,S1_filter,-0.003016565708720542,0.48717948717948717,39,0,0,0,0,-0.0797733718816242
fx_major,S2_regime,0.013408998476300456,0.5384615384615384,39,0,0,0,0,-0.0797733718816242
fx_major,S3_sizing,-0.06677185028796512,0.05128205128205128,39,0,2,0,0,-0.0797733718816242
fx_major,S4_exit,-0.07010697548753361,0.2564102564102564,39,0,4,0,0,-0.0797733718816242
fx_major,S5_params,0.018784142089423583,0.5897435897435898,39,1,0,0,0,-0.0797733718816242
