asset_class,ml_stage,n_tests,mean_dSharpe,share_improved,sig_pos_raw,sig_neg_raw,sig_pos_bh,sig_neg_bh
crypto,S1_filter,585,0.11989398424960379,0.7504273504273504,56,7,3,0
crypto,S2_regime,585,-0.1322706848147534,0.2905982905982906,6,34,0,0
crypto,S3_sizing,585,0.222269363858423,0.8957264957264958,154,1,33,0
crypto,S4_exit,585,0.089809185704291,0.6957264957264957,36,9,0,0
crypto,S5_params,585,-0.029554894836262963,0.46324786324786327,14,28,0,0
equity,S1_filter,1326,0.15634699444330366,0.8665158371040724,208,7,10,0
equity,S2_regime,1326,0.04947334808058351,0.6304675716440422,46,16,0,0
equity,S3_sizing,1326,0.19759043205032875,0.9524886877828054,390,4,55,1
equity,S4_exit,1326,0.12335380938718689,0.8009049773755657,129,11,0,0
equity,S5_params,1326,0.051661061212850364,0.6078431372549019,58,13,0,0
etf,S1_filter,1911,0.16393640021422576,0.8335949764521193,384,12,41,1
etf,S2_regime,1911,0.02429164211727727,0.5839874411302983,57,100,0,12
etf,S3_sizing,1911,0.16847974930002266,0.8503401360544217,620,13,133,2
etf,S4_exit,1911,0.11117924063613095,0.7629513343799058,226,32,0,1
etf,S5_params,1911,0.06462017071689978,0.6493982208267922,110,16,4,0
futures,S1_filter,1443,0.09277129488372741,0.7255717255717256,141,5,18,0
futures,S2_regime,1443,-0.011408424825091502,0.4934164934164934,33,57,0,0
futures,S3_sizing,1443,0.07158033853422181,0.6638946638946639,174,14,37,1
futures,S4_exit,1443,0.060173665065860055,0.6486486486486487,93,16,0,0
futures,S5_params,1443,0.04477818490292945,0.5848925848925849,65,27,0,1
fx,S1_filter,1521,0.072455826313066,0.6673241288625904,144,4,14,0
fx,S2_regime,1521,0.017157935529839154,0.5391190006574622,53,18,0,0
fx,S3_sizing,1521,0.00762498118886376,0.5003287310979618,64,38,6,4
fx,S4_exit,1521,0.018397688784837076,0.5489809335963182,42,19,0,0
fx,S5_params,1521,0.002730930499692136,0.5207100591715976,27,36,0,0
