strategy,strategy_family,ml_stage,base_sharpe,sharpe,d_sharpe,p,p_holm,p_bh,selected_models
sma_50_200,ma_crossover,S1_filter,0.41955295779628266,0.672365358420106,0.2528124006238234,0.056,1.0,0.104,"{""et"": 16, ""logreg"": 3, ""rf"": 2}"
sma_50_200,ma_crossover,S2_regime,0.41955295779628266,0.3694286870754428,-0.05012427072083986,0.565,1.0,0.6677272727272726,"{""lgbm"": 4, ""rf"": 4, ""logreg"": 8, ""et"": 3, ""mlp"": 2}"
sma_50_200,ma_crossover,S3_sizing,0.41955295779628266,0.6449738502701772,0.22542089247389452,0.0685,1.0,0.11784782608695654,"{""logreg"": 5, ""lgbm"": 2, ""et"": 7, ""rf"": 4, ""mlp"": 3}"
sma_50_200,ma_crossover,S4_exit,0.41955295779628266,0.7083972800061519,0.2888443222098692,0.106,1.0,0.16942622950819672,"{""mlp"": 7, ""et"": 6, ""lgbm"": 4, ""logreg"": 1, ""rf"": 3}"
sma_50_200,ma_crossover,S5_params,0.41955295779628266,0.5210349503925056,0.10148199259622293,0.323,1.0,0.45015957446808513,"{""lgbm"": 7, ""rf"": 2, ""logreg"": 6, ""et"": 3, ""mlp"": 3}"
dema_20_50,ma_crossover,S1_filter,-0.07078154510613167,0.46748489144931366,0.5382664365554454,0.012,1.0,0.029249999999999998,"{""et"": 14, ""mlp"": 1, ""rf"": 2, ""logreg"": 3, ""lgbm"": 1}"
dema_20_50,ma_crossover,S2_regime,-0.07078154510613167,-0.19145351267721117,-0.1206719675710795,0.4,1.0,0.5234899328859061,"{""lgbm"": 5, ""rf"": 4, ""logreg"": 3, ""mlp"": 3, ""et"": 6}"
dema_20_50,ma_crossover,S3_sizing,-0.07078154510613167,0.4966318353952189,0.5674133805013506,0.0,0.0,0.0,"{""lgbm"": 2, ""et"": 9, ""mlp"": 3, ""rf"": 3, ""logreg"": 4}"
dema_20_50,ma_crossover,S4_exit,-0.07078154510613167,0.3890648994272882,0.4598464445334199,0.007,0.896,0.020073529411764705,"{""rf"": 3, ""mlp"": 3, ""lgbm"": 5, ""logreg"": 3, ""et"": 7}"
dema_20_50,ma_crossover,S5_params,-0.07078154510613167,0.2985202261954926,0.3693017713016243,0.09,1.0,0.14872881355932205,"{""et"": 6, ""logreg"": 7, ""lgbm"": 4, ""rf"": 2, ""mlp"": 2}"
triple_ma_4_9_18,ma_crossover,S1_filter,-0.3105624942596034,0.22874403505430382,0.5393065293139072,0.0,0.0,0.0,"{""lgbm"": 3, ""et"": 10, ""mlp"": 3, ""rf"": 2, ""logreg"": 3}"
triple_ma_4_9_18,ma_crossover,S2_regime,-0.3105624942596034,-0.2179417039324945,0.0926207903271089,0.5255,1.0,0.640453125,"{""lgbm"": 3, ""rf"": 3, ""logreg"": 5, ""mlp"": 4, ""et"": 6}"
triple_ma_4_9_18,ma_crossover,S3_sizing,-0.3105624942596034,0.2743017849278687,0.5848642791874721,0.0,0.0,0.0,"{""logreg"": 5, ""rf"": 6, ""mlp"": 2, ""lgbm"": 3, ""et"": 5}"
triple_ma_4_9_18,ma_crossover,S4_exit,-0.3105624942596034,0.0826559574427907,0.3932184517023941,0.01,1.0,0.025324675324675323,"{""logreg"": 4, ""et"": 7, ""rf"": 5, ""lgbm"": 4, ""mlp"": 1}"
triple_ma_4_9_18,ma_crossover,S5_params,-0.3105624942596034,0.0498584635073081,0.3604209577669115,0.011,1.0,0.0275,"{""lgbm"": 13, ""rf"": 1, ""logreg"": 3, ""et"": 2, ""mlp"": 2}"
ema_12_26,ma_crossover,S1_filter,0.19258267941405388,0.6426921351398784,0.45010945572582456,0.0055,0.7424999999999999,0.017581967213114755,"{""rf"": 5, ""et"": 10, ""mlp"": 3, ""logreg"": 2, ""lgbm"": 1}"
ema_12_26,ma_crossover,S2_regime,0.19258267941405388,0.07246185425459802,-0.12012082515945587,0.397,1.0,0.5230743243243243,"{""lgbm"": 3, ""rf"": 6, ""logreg"": 6, ""mlp"": 2, ""et"": 4}"
ema_12_26,ma_crossover,S3_sizing,0.19258267941405388,0.678975650817647,0.4863929714035931,0.001,0.157,0.004333333333333333,"{""et"": 12, ""mlp"": 1, ""lgbm"": 3, ""rf"": 3, ""logreg"": 2}"
ema_12_26,ma_crossover,S4_exit,0.19258267941405388,0.6095119525069371,0.41692927309288325,0.009,1.0,0.02404109589041096,"{""et"": 8, ""lgbm"": 5, ""rf"": 4, ""logreg"": 2, ""mlp"": 2}"
ema_12_26,ma_crossover,S5_params,0.19258267941405388,0.3064525467949461,0.11386986738089222,0.3245,1.0,0.45015957446808513,"{""lgbm"": 7, ""logreg"": 6, ""et"": 4, ""mlp"": 4}"
zlema_10_30,ma_crossover,S1_filter,-0.2822456368187505,0.4011355951308196,0.68338123194957,0.0,0.0,0.0,"{""et"": 11, ""mlp"": 4, ""rf"": 3, ""lgbm"": 3}"
zlema_10_30,ma_crossover,S2_regime,-0.2822456368187505,-0.1393922530607367,0.1428533837580138,0.2235,1.0,0.32524253731343283,"{""et"": 9, ""logreg"": 6, ""mlp"": 4, ""lgbm"": 1, ""rf"": 1}"
zlema_10_30,ma_crossover,S3_sizing,-0.2822456368187505,0.18378585172569947,0.46603148854445,0.001,0.157,0.004333333333333333,"{""logreg"": 2, ""et"": 9, ""lgbm"": 6, ""rf"": 3, ""mlp"": 1}"
zlema_10_30,ma_crossover,S4_exit,-0.2822456368187505,0.02640699884494777,0.30865263566369827,0.019,1.0,0.04410714285714286,"{""logreg"": 4, ""rf"": 7, ""mlp"": 4, ""lgbm"": 3, ""et"": 3}"
zlema_10_30,ma_crossover,S5_params,-0.2822456368187505,0.09183550249879352,0.374081139317544,0.0615,1.0,0.11104166666666666,"{""et"": 5, ""rf"": 4, ""lgbm"": 8, ""mlp"": 2, ""logreg"": 2}"
jma_7_21,ma_crossover,S1_filter,-0.31773815773938846,0.3696013056614659,0.6873394634008543,0.0,0.0,0.0,"{""logreg"": 1, ""et"": 12, ""mlp"": 3, ""rf"": 3, ""lgbm"": 2}"
jma_7_21,ma_crossover,S2_regime,-0.31773815773938846,-0.19889416713981312,0.11884399059957534,0.3665,1.0,0.49977272727272726,"{""rf"": 5, ""mlp"": 2, ""logreg"": 2, ""lgbm"": 7, ""et"": 5}"
jma_7_21,ma_crossover,S3_sizing,-0.31773815773938846,0.12002444759212248,0.43776260533151096,0.0005,0.084,0.0025657894736842105,"{""logreg"": 4, ""et"": 7, ""mlp"": 1, ""lgbm"": 5, ""rf"": 4}"
jma_7_21,ma_crossover,S4_exit,-0.31773815773938846,-0.024578496569641936,0.2931596611697465,0.0245,1.0,0.05367977528089887,"{""logreg"": 5, ""mlp"": 3, ""et"": 6, ""lgbm"": 5, ""rf"": 2}"
jma_7_21,ma_crossover,S5_params,-0.31773815773938846,-0.041044645637697004,0.27669351210169146,0.139,1.0,0.21342519685039374,"{""lgbm"": 10, ""rf"": 5, ""et"": 6}"
faber_10m,price_vs_ma,S1_filter,0.8490291389154423,0.8321325033315642,-0.016896635583878106,0.7415,1.0,0.8121368715083799,"{""mlp"": 4, ""rf"": 6, ""et"": 4, ""lgbm"": 5, ""logreg"": 2}"
faber_10m,price_vs_ma,S2_regime,0.8490291389154423,0.6370411252876087,-0.2119880136278336,0.0235,1.0,0.05207386363636363,"{""lgbm"": 6, ""logreg"": 7, ""et"": 3, ""rf"": 2, ""mlp"": 3}"
faber_10m,price_vs_ma,S3_sizing,0.8490291389154423,0.8718411921921547,0.02281205327671243,0.738,1.0,0.8121368715083799,"{""mlp"": 10, ""logreg"": 1, ""lgbm"": 4, ""rf"": 2, ""et"": 4}"
faber_10m,price_vs_ma,S4_exit,0.8490291389154423,0.43307072400223356,-0.41595841491320873,0.0095,1.0,0.0247,"{""lgbm"": 5, ""mlp"": 6, ""logreg"": 2, ""et"": 6, ""rf"": 2}"
faber_10m,price_vs_ma,S5_params,0.8490291389154423,0.8411050891420824,-0.00792404977335992,0.777,1.0,0.8417500000000001,"{""lgbm"": 5, ""rf"": 3, ""et"": 3, ""logreg"": 7, ""mlp"": 3}"
gmma,ma_crossover,S1_filter,0.22884215749741146,0.4732071232463174,0.24436496574890595,0.099,1.0,0.160875,"{""et"": 14, ""mlp"": 2, ""rf"": 2, ""lgbm"": 2, ""logreg"": 1}"
gmma,ma_crossover,S2_regime,0.22884215749741146,0.12653578531033624,-0.10230637218707522,0.507,1.0,0.6257278481012658,"{""lgbm"": 3, ""rf"": 6, ""logreg"": 6, ""et"": 5, ""mlp"": 1}"
gmma,ma_crossover,S3_sizing,0.22884215749741146,0.6040796258222912,0.3752374683248798,0.0045,0.6345,0.015129310344827585,"{""et"": 14, ""rf"": 4, ""mlp"": 1, ""logreg"": 1, ""lgbm"": 1}"
gmma,ma_crossover,S4_exit,0.22884215749741146,0.4456437681992224,0.21680161070181095,0.163,1.0,0.2445,"{""et"": 11, ""rf"": 4, ""lgbm"": 3, ""logreg"": 1, ""mlp"": 2}"
gmma,ma_crossover,S5_params,0.22884215749741146,0.37808028206497096,0.1492381245675595,0.1505,1.0,0.2275,"{""lgbm"": 11, ""logreg"": 4, ""rf"": 1, ""et"": 2, ""mlp"": 3}"
bll_vma_200,price_vs_ma,S1_filter,0.4550064981938439,0.721154843355128,0.2661483451612841,0.045,1.0,0.08863636363636364,"{""et"": 9, ""logreg"": 2, ""rf"": 4, ""lgbm"": 3, ""mlp"": 3}"
bll_vma_200,price_vs_ma,S2_regime,0.4550064981938439,0.44878790459476925,-0.006218593599074673,0.9615,1.0,0.966958762886598,"{""lgbm"": 6, ""rf"": 9, ""logreg"": 4, ""et"": 2}"
bll_vma_200,price_vs_ma,S3_sizing,0.4550064981938439,0.7606762020568004,0.3056697038629565,0.0225,1.0,0.05101744186046512,"{""et"": 11, ""logreg"": 2, ""lgbm"": 4, ""mlp"": 1, ""rf"": 3}"
bll_vma_200,price_vs_ma,S4_exit,0.4550064981938439,0.6202336103332772,0.16522711213943325,0.333,1.0,0.45728873239436624,"{""mlp"": 5, ""et"": 6, ""logreg"": 3, ""lgbm"": 4, ""rf"": 3}"
bll_vma_200,price_vs_ma,S5_params,0.4550064981938439,0.46760668151085566,0.012600183317011737,0.853,1.0,0.8991081081081082,"{""mlp"": 5, ""et"": 7, ""lgbm"": 3, ""rf"": 2, ""logreg"": 4}"
kama_10,adaptive_ma,S1_filter,-0.49755034227851963,0.17353703406611634,0.671087376344636,0.0,0.0,0.0,"{""et"": 13, ""mlp"": 1, ""rf"": 6, ""lgbm"": 1}"
kama_10,adaptive_ma,S2_regime,-0.49755034227851963,-0.40889981468806275,0.08865052759045688,0.534,1.0,0.6467701863354038,"{""lgbm"": 4, ""rf"": 6, ""logreg"": 3, ""et"": 5, ""mlp"": 3}"
kama_10,adaptive_ma,S3_sizing,-0.49755034227851963,0.06400880341191215,0.5615591456904317,0.0,0.0,0.0,"{""et"": 7, ""lgbm"": 5, ""logreg"": 5, ""rf"": 4}"
kama_10,adaptive_ma,S4_exit,-0.49755034227851963,-0.243283307116221,0.25426703516229865,0.064,1.0,0.11345454545454546,"{""logreg"": 9, ""rf"": 3, ""lgbm"": 2, ""mlp"": 2, ""et"": 5}"
kama_10,adaptive_ma,S5_params,-0.49755034227851963,-0.18034038231966124,0.31720995995885837,0.0005,0.084,0.0025657894736842105,"{""et"": 4, ""logreg"": 1, ""rf"": 6, ""mlp"": 2, ""lgbm"": 8}"
vidya_14,adaptive_ma,S1_filter,-0.010962807689741848,0.6064652281488415,0.6174280358385834,0.0025,0.365,0.00975,"{""et"": 16, ""mlp"": 2, ""rf"": 3}"
vidya_14,adaptive_ma,S2_regime,-0.010962807689741848,-0.01673556740280406,-0.005772759713062212,0.962,1.0,0.966958762886598,"{""lgbm"": 4, ""rf"": 6, ""logreg"": 6, ""et"": 5}"
vidya_14,adaptive_ma,S3_sizing,-0.010962807689741848,0.4576109796875637,0.46857378737730554,0.0005,0.084,0.0025657894736842105,"{""et"": 15, ""lgbm"": 1, ""logreg"": 3, ""rf"": 1, ""mlp"": 1}"
vidya_14,adaptive_ma,S4_exit,-0.010962807689741848,0.24801999796365168,0.25898280565339354,0.0695,1.0,0.11784782608695654,"{""et"": 13, ""lgbm"": 2, ""mlp"": 2, ""logreg"": 3, ""rf"": 1}"
vidya_14,adaptive_ma,S5_params,-0.010962807689741848,0.18492127202356354,0.19588407971330538,0.045,1.0,0.08863636363636364,"{""et"": 3, ""rf"": 8, ""lgbm"": 6, ""mlp"": 2, ""logreg"": 2}"
frama_16,adaptive_ma,S1_filter,-0.8254702772374527,-0.10959500113854191,0.7158752760989108,0.0,0.0,0.0,"{""et"": 14, ""mlp"": 2, ""rf"": 3, ""lgbm"": 1, ""logreg"": 1}"
frama_16,adaptive_ma,S2_regime,-0.8254702772374527,-0.7151524459701302,0.11031783126732253,0.4215,1.0,0.5407401315789473,"{""lgbm"": 6, ""et"": 7, ""logreg"": 3, ""mlp"": 2, ""rf"": 3}"
frama_16,adaptive_ma,S3_sizing,-0.8254702772374527,-0.39620334351398073,0.42926693372347197,0.0005,0.084,0.0025657894736842105,"{""logreg"": 6, ""et"": 6, ""mlp"": 1, ""lgbm"": 6, ""rf"": 2}"
frama_16,adaptive_ma,S4_exit,-0.8254702772374527,-0.6127784985774007,0.21269177866005196,0.084,1.0,0.14,"{""logreg"": 11, ""mlp"": 3, ""lgbm"": 3, ""rf"": 2, ""et"": 2}"
frama_16,adaptive_ma,S5_params,-0.8254702772374527,-0.6241263479514875,0.20134392928596523,0.063,1.0,0.11270642201834863,"{""et"": 6, ""lgbm"": 3, ""mlp"": 5, ""logreg"": 2, ""rf"": 5}"
hma_55_slope,adaptive_ma,S1_filter,0.02497947376427934,0.5310383069837189,0.5060588332194396,0.001,0.157,0.004333333333333333,"{""logreg"": 4, ""et"": 12, ""rf"": 3, ""mlp"": 1, ""lgbm"": 1}"
hma_55_slope,adaptive_ma,S2_regime,0.02497947376427934,0.039397135803123824,0.014417662038844484,0.918,1.0,0.9372251308900524,"{""lgbm"": 3, ""et"": 6, ""rf"": 3, ""logreg"": 5, ""mlp"": 4}"
hma_55_slope,adaptive_ma,S3_sizing,0.02497947376427934,0.5309213145851954,0.5059418408209161,0.0,0.0,0.0,"{""logreg"": 4, ""et"": 9, ""mlp"": 2, ""lgbm"": 2, ""rf"": 4}"
hma_55_slope,adaptive_ma,S4_exit,0.02497947376427934,0.34450926723244946,0.3195297934681701,0.0475,1.0,0.0917079207920792,"{""logreg"": 1, ""et"": 6, ""mlp"": 6, ""lgbm"": 5, ""rf"": 3}"
hma_55_slope,adaptive_ma,S5_params,0.02497947376427934,0.2787784846660132,0.25379901090173385,0.1245,1.0,0.19422619047619047,"{""lgbm"": 8, ""logreg"": 5, ""et"": 1, ""rf"": 3, ""mlp"": 4}"
mcginley_14,adaptive_ma,S1_filter,-0.006652474053576915,0.5339061278440433,0.5405586018976203,0.0015,0.225,0.006223404255319149,"{""et"": 17, ""mlp"": 1, ""rf"": 2, ""lgbm"": 1}"
mcginley_14,adaptive_ma,S2_regime,-0.006652474053576915,-0.025669842449172208,-0.019017368395595292,0.896,1.0,0.9236842105263158,"{""lgbm"": 3, ""rf"": 8, ""logreg"": 2, ""et"": 4, ""mlp"": 4}"
mcginley_14,adaptive_ma,S3_sizing,-0.006652474053576915,0.4692177078520227,0.47587018190559965,0.0,0.0,0.0,"{""et"": 10, ""lgbm"": 2, ""logreg"": 5, ""rf"": 4}"
mcginley_14,adaptive_ma,S4_exit,-0.006652474053576915,0.2267217251505013,0.2333741992040782,0.1,1.0,0.16115702479338842,"{""rf"": 2, ""et"": 8, ""lgbm"": 5, ""logreg"": 5, ""mlp"": 1}"
mcginley_14,adaptive_ma,S5_params,-0.006652474053576915,0.24577017087240216,0.2524226449259791,0.0065,0.845,0.018917910447761192,"{""mlp"": 1, ""lgbm"": 6, ""rf"": 4, ""et"": 6, ""logreg"": 4}"
t3_20,adaptive_ma,S1_filter,-0.1681124529585259,0.4418358376006101,0.609948290559136,0.002,0.296,0.007959183673469388,"{""lgbm"": 3, ""et"": 10, ""mlp"": 1, ""rf"": 6, ""logreg"": 1}"
t3_20,adaptive_ma,S2_regime,-0.1681124529585259,-0.09445556670164286,0.07365688625688303,0.606,1.0,0.6992307692307692,"{""lgbm"": 6, ""rf"": 3, ""mlp"": 5, ""logreg"": 3, ""et"": 4}"
t3_20,adaptive_ma,S3_sizing,-0.1681124529585259,0.34900187984094655,0.5171143327994725,0.0005,0.084,0.0025657894736842105,"{""et"": 9, ""lgbm"": 2, ""logreg"": 5, ""rf"": 4, ""mlp"": 1}"
t3_20,adaptive_ma,S4_exit,-0.1681124529585259,0.07545248492788625,0.24356493788641215,0.1485,1.0,0.22623046875,"{""lgbm"": 7, ""logreg"": 5, ""et"": 6, ""rf"": 1, ""mlp"": 2}"
t3_20,adaptive_ma,S5_params,-0.1681124529585259,0.2094467537407002,0.3775592066992261,0.008,1.0,0.021971830985915493,"{""lgbm"": 7, ""et"": 4, ""mlp"": 4, ""rf"": 3, ""logreg"": 3}"
donchian_20,breakout,S1_filter,0.10992175897275756,0.673360768365079,0.5634390093923214,0.005,0.685,0.01625,"{""et"": 11, ""logreg"": 3, ""lgbm"": 5, ""rf"": 2}"
donchian_20,breakout,S2_regime,0.10992175897275756,0.005883781990529127,-0.10403797698222844,0.4715,1.0,0.5931774193548387,"{""lgbm"": 5, ""rf"": 5, ""logreg"": 4, ""mlp"": 2, ""et"": 5}"
donchian_20,breakout,S3_sizing,0.10992175897275756,0.629088500144433,0.5191667411716754,0.0,0.0,0.0,"{""et"": 12, ""lgbm"": 5, ""rf"": 2, ""logreg"": 2}"
donchian_20,breakout,S4_exit,0.10992175897275756,0.44739522404811805,0.33747346507536047,0.061,1.0,0.11104166666666666,"{""rf"": 4, ""et"": 7, ""logreg"": 3, ""lgbm"": 4, ""mlp"": 3}"
donchian_20,breakout,S5_params,0.10992175897275756,0.0718051435208316,-0.03811661545192596,0.7455,1.0,0.8121368715083799,"{""mlp"": 7, ""logreg"": 6, ""et"": 2, ""lgbm"": 4, ""rf"": 2}"
turtle_20_10,breakout,S1_filter,-0.018908677003530282,0.5412736128249223,0.5601822898284525,0.001,0.157,0.004333333333333333,"{""et"": 9, ""logreg"": 6, ""rf"": 5, ""lgbm"": 1}"
turtle_20_10,breakout,S2_regime,-0.018908677003530282,-0.10600815845073772,-0.08709948144720743,0.5495,1.0,0.6614351851851852,"{""lgbm"": 5, ""rf"": 5, ""logreg"": 6, ""mlp"": 1, ""et"": 4}"
turtle_20_10,breakout,S3_sizing,-0.018908677003530282,0.5431803261086968,0.5620890031122271,0.0,0.0,0.0,"{""rf"": 4, ""mlp"": 2, ""lgbm"": 2, ""et"": 11, ""logreg"": 2}"
turtle_20_10,breakout,S4_exit,-0.018908677003530282,0.38427368433051723,0.4031823613340475,0.006,0.804,0.018,"{""lgbm"": 2, ""mlp"": 5, ""logreg"": 4, ""et"": 8, ""rf"": 2}"
turtle_20_10,breakout,S5_params,-0.018908677003530282,0.17962881138669817,0.19853748839022844,0.0675,1.0,0.11784782608695654,"{""logreg"": 4, ""lgbm"": 8, ""rf"": 4, ""mlp"": 4, ""et"": 1}"
turtle_55_20,breakout,S1_filter,0.2136911005845806,0.6289911475821374,0.41530004699755674,0.0065,0.845,0.018917910447761192,"{""et"": 7, ""mlp"": 3, ""lgbm"": 5, ""rf"": 5, ""logreg"": 1}"
turtle_55_20,breakout,S2_regime,0.2136911005845806,0.15016888938354614,-0.06352221120103446,0.6765,1.0,0.7669622093023255,"{""lgbm"": 5, ""rf"": 7, ""logreg"": 3, ""mlp"": 1, ""et"": 5}"
turtle_55_20,breakout,S3_sizing,0.2136911005845806,0.6038000863849345,0.3901089858003539,0.0045,0.6345,0.015129310344827585,"{""et"": 9, ""rf"": 4, ""lgbm"": 5, ""mlp"": 2, ""logreg"": 1}"
turtle_55_20,breakout,S4_exit,0.2136911005845806,0.5328701027741256,0.319179002189545,0.0435,1.0,0.088359375,"{""et"": 9, ""mlp"": 5, ""lgbm"": 4, ""rf"": 2, ""logreg"": 1}"
turtle_55_20,breakout,S5_params,0.2136911005845806,0.32518886259775337,0.11149776201317277,0.3125,1.0,0.44157608695652173,"{""mlp"": 6, ""logreg"": 4, ""lgbm"": 5, ""rf"": 2, ""et"": 4}"
keltner_20,breakout,S1_filter,0.03464576971162604,0.6512800374704318,0.6166342677588058,0.0,0.0,0.0,"{""et"": 8, ""logreg"": 3, ""lgbm"": 1, ""rf"": 9}"
keltner_20,breakout,S2_regime,0.03464576971162604,0.07155844297547116,0.03691267326384512,0.819,1.0,0.8727049180327868,"{""lgbm"": 6, ""rf"": 6, ""logreg"": 5, ""et"": 4}"
keltner_20,breakout,S3_sizing,0.03464576971162604,0.5749464260175281,0.5403006563059021,0.0,0.0,0.0,"{""lgbm"": 5, ""et"": 4, ""mlp"": 2, ""rf"": 5, ""logreg"": 5}"
keltner_20,breakout,S4_exit,0.03464576971162604,0.4246077902883364,0.38996202057671037,0.006,0.804,0.018,"{""lgbm"": 4, ""et"": 6, ""rf"": 2, ""logreg"": 5, ""mlp"": 4}"
keltner_20,breakout,S5_params,0.03464576971162604,0.27085684584451125,0.23621107613288522,0.023,1.0,0.051551724137931035,"{""mlp"": 4, ""rf"": 2, ""lgbm"": 5, ""logreg"": 4, ""et"": 6}"
bollinger_20_2,breakout,S1_filter,-0.07591049213552448,0.3982169351675374,0.4741274273030619,0.0045,0.6345,0.015129310344827585,"{""logreg"": 5, ""et"": 11, ""rf"": 4, ""mlp"": 1}"
bollinger_20_2,breakout,S2_regime,-0.07591049213552448,-0.09540691371740208,-0.0194964215818776,0.9,1.0,0.9236842105263158,"{""lgbm"": 4, ""rf"": 5, ""logreg"": 5, ""et"": 6, ""mlp"": 1}"
bollinger_20_2,breakout,S3_sizing,-0.07591049213552448,0.40644132465429994,0.4823518167898244,0.0,0.0,0.0,"{""rf"": 6, ""et"": 7, ""lgbm"": 3, ""logreg"": 5}"
bollinger_20_2,breakout,S4_exit,-0.07591049213552448,0.24785695713825504,0.32376744927377954,0.0195,1.0,0.04473529411764706,"{""lgbm"": 7, ""rf"": 6, ""logreg"": 3, ""et"": 3, ""mlp"": 2}"
bollinger_20_2,breakout,S5_params,-0.07591049213552448,0.15317821262811634,0.22908870476364082,0.0505,1.0,0.09468750000000001,"{""lgbm"": 9, ""rf"": 2, ""et"": 4, ""mlp"": 4, ""logreg"": 2}"
supertrend_10_3,volatility_stop,S1_filter,0.09380251679966743,0.5489787896002405,0.45517627280057305,0.03,1.0,0.06428571428571428,"{""et"": 13, ""lgbm"": 1, ""logreg"": 2, ""mlp"": 3, ""rf"": 2}"
supertrend_10_3,volatility_stop,S2_regime,0.09380251679966743,0.016860247120881213,-0.07694226967878622,0.581,1.0,0.6784131736526945,"{""rf"": 6, ""logreg"": 4, ""et"": 5, ""lgbm"": 4, ""mlp"": 2}"
supertrend_10_3,volatility_stop,S3_sizing,0.09380251679966743,0.6599008731077192,0.5660983563080517,0.0,0.0,0.0,"{""logreg"": 4, ""et"": 11, ""lgbm"": 3, ""rf"": 1, ""mlp"": 2}"
supertrend_10_3,volatility_stop,S4_exit,0.09380251679966743,0.5296211455753443,0.4358186287756769,0.0035,0.5005000000000001,0.012638888888888889,"{""logreg"": 2, ""et"": 10, ""mlp"": 2, ""lgbm"": 5, ""rf"": 2}"
supertrend_10_3,volatility_stop,S5_params,0.09380251679966743,0.0851947439363689,-0.00860777286329853,0.57,1.0,0.669578313253012,"{""logreg"": 3, ""lgbm"": 5, ""rf"": 5, ""mlp"": 6, ""et"": 2}"
psar,volatility_stop,S1_filter,-0.2675468259965238,0.5076075490921481,0.7751543750886719,0.0,0.0,0.0,"{""et"": 10, ""rf"": 4, ""mlp"": 3, ""lgbm"": 3, ""logreg"": 1}"
psar,volatility_stop,S2_regime,-0.2675468259965238,-0.23423125523050947,0.033315570766014324,0.816,1.0,0.8727049180327868,"{""et"": 8, ""lgbm"": 4, ""rf"": 4, ""mlp"": 3, ""logreg"": 2}"
psar,volatility_stop,S3_sizing,-0.2675468259965238,0.1517862395924282,0.419333065588952,0.0035,0.5005000000000001,0.012638888888888889,"{""et"": 9, ""lgbm"": 6, ""logreg"": 2, ""rf"": 3, ""mlp"": 1}"
psar,volatility_stop,S4_exit,-0.2675468259965238,0.007777682840992412,0.2753245088375162,0.027,1.0,0.058499999999999996,"{""logreg"": 5, ""et"": 8, ""rf"": 5, ""lgbm"": 2, ""mlp"": 1}"
psar,volatility_stop,S5_params,-0.2675468259965238,-0.04687782538656349,0.2206690006099603,0.0685,1.0,0.11784782608695654,"{""lgbm"": 7, ""rf"": 4, ""logreg"": 3, ""et"": 5, ""mlp"": 2}"
chandelier_22_3,volatility_stop,S1_filter,-0.11691462052938967,0.222303585951695,0.3392182064810847,0.0,0.0,0.0,"{""mlp"": 7, ""et"": 4, ""rf"": 1, ""lgbm"": 3, ""logreg"": 6}"
chandelier_22_3,volatility_stop,S2_regime,-0.11691462052938967,-0.030999429091145718,0.08591519143824394,0.556,1.0,0.6651533742331289,"{""lgbm"": 4, ""rf"": 6, ""logreg"": 4, ""et"": 4, ""mlp"": 3}"
chandelier_22_3,volatility_stop,S3_sizing,-0.11691462052938967,0.48391294115122585,0.6008275616806156,0.0,0.0,0.0,"{""et"": 12, ""lgbm"": 3, ""rf"": 3, ""mlp"": 1, ""logreg"": 2}"
chandelier_22_3,volatility_stop,S4_exit,-0.11691462052938967,0.12641502650293232,0.243329647032322,0.0695,1.0,0.11784782608695654,"{""lgbm"": 6, ""mlp"": 2, ""logreg"": 3, ""rf"": 4, ""et"": 6}"
chandelier_22_3,volatility_stop,S5_params,-0.11691462052938967,-0.1420062775192836,-0.025091656989893935,0.218,1.0,0.3196240601503759,"{""lgbm"": 4, ""rf"": 6, ""mlp"": 5, ""et"": 4, ""logreg"": 2}"
chande_kroll,volatility_stop,S1_filter,0.09380825583515534,0.5244303119043919,0.4306220560692366,0.0095,1.0,0.0247,"{""et"": 12, ""mlp"": 2, ""lgbm"": 4, ""rf"": 1, ""logreg"": 2}"
chande_kroll,volatility_stop,S2_regime,0.09380825583515534,0.14573859112666238,0.051930335291507035,0.723,1.0,0.8056285714285714,"{""lgbm"": 2, ""rf"": 4, ""logreg"": 5, ""mlp"": 5, ""et"": 5}"
chande_kroll,volatility_stop,S3_sizing,0.09380825583515534,0.6295878864460717,0.5357796306109164,0.0,0.0,0.0,"{""et"": 11, ""lgbm"": 3, ""logreg"": 4, ""mlp"": 1, ""rf"": 2}"
chande_kroll,volatility_stop,S4_exit,0.09380825583515534,0.39027327892972635,0.296465023094571,0.0405,1.0,0.08313157894736842,"{""logreg"": 1, ""lgbm"": 7, ""et"": 9, ""rf"": 4}"
chande_kroll,volatility_stop,S5_params,0.09380825583515534,0.2519973758520793,0.15818912001692398,0.3705,1.0,0.50171875,"{""mlp"": 8, ""lgbm"": 5, ""et"": 2, ""logreg"": 6}"
tsmom_252,time_series_momentum,S1_filter,0.48760511828179226,0.5615682496793859,0.07396313139759364,0.5595,1.0,0.6652591463414634,"{""mlp"": 2, ""et"": 12, ""lgbm"": 5, ""rf"": 1, ""logreg"": 1}"
tsmom_252,time_series_momentum,S2_regime,0.48760511828179226,0.4874232716542267,-0.0001818466275655406,0.9995,1.0,0.9995,"{""lgbm"": 4, ""logreg"": 8, ""mlp"": 4, ""rf"": 4, ""et"": 1}"
tsmom_252,time_series_momentum,S3_sizing,0.48760511828179226,0.7073108060310225,0.21970568774923022,0.075,1.0,0.12607758620689655,"{""mlp"": 5, ""logreg"": 3, ""rf"": 5, ""lgbm"": 1, ""et"": 7}"
tsmom_252,time_series_momentum,S4_exit,0.48760511828179226,0.6107378172929542,0.12313269901116192,0.4835,1.0,0.604375,"{""mlp"": 5, ""et"": 5, ""logreg"": 4, ""rf"": 5, ""lgbm"": 2}"
tsmom_252,time_series_momentum,S5_params,0.48760511828179226,0.3998388434504442,-0.08776627483134808,0.44,1.0,0.5571428571428572,"{""lgbm"": 8, ""logreg"": 6, ""et"": 3, ""mlp"": 3, ""rf"": 1}"
abs_mom_12m,time_series_momentum,S1_filter,0.8413927379579208,0.8492599959811095,0.007867258023188661,0.8785,1.0,0.9132845744680851,"{""mlp"": 3, ""rf"": 7, ""logreg"": 4, ""lgbm"": 6, ""et"": 1}"
abs_mom_12m,time_series_momentum,S2_regime,0.8413927379579208,0.6452259810130929,-0.19616675694482788,0.038,1.0,0.07882978723404256,"{""mlp"": 5, ""logreg"": 7, ""et"": 2, ""rf"": 2, ""lgbm"": 5}"
abs_mom_12m,time_series_momentum,S3_sizing,0.8413927379579208,0.835583973314567,-0.005808764643353781,0.9325,1.0,0.9470703125000001,"{""lgbm"": 2, ""mlp"": 10, ""logreg"": 2, ""rf"": 3, ""et"": 4}"
abs_mom_12m,time_series_momentum,S4_exit,0.8413927379579208,0.5560294497753611,-0.28536328818255974,0.0615,1.0,0.11104166666666666,"{""lgbm"": 2, ""logreg"": 12, ""mlp"": 4, ""et"": 3}"
abs_mom_12m,time_series_momentum,S5_params,0.8413927379579208,0.7236807767599591,-0.11771196119796168,0.046,1.0,0.0897,"{""lgbm"": 9, ""mlp"": 3, ""rf"": 3, ""logreg"": 1, ""et"": 5}"
tsmom_multi,time_series_momentum,S1_filter,0.3477398834264214,0.6953149479311016,0.3475750645046802,0.0125,1.0,0.03009259259259259,"{""rf"": 3, ""et"": 14, ""logreg"": 2, ""mlp"": 1, ""lgbm"": 1}"
tsmom_multi,time_series_momentum,S2_regime,0.3477398834264214,0.318843369803397,-0.028896513623024422,0.848,1.0,0.898695652173913,"{""lgbm"": 3, ""rf"": 8, ""logreg"": 5, ""et"": 3, ""mlp"": 2}"
tsmom_multi,time_series_momentum,S3_sizing,0.3477398834264214,0.6052166866590928,0.25747680323267136,0.0485,1.0,0.09272058823529411,"{""lgbm"": 3, ""et"": 7, ""mlp"": 2, ""logreg"": 2, ""rf"": 7}"
tsmom_multi,time_series_momentum,S4_exit,0.3477398834264214,0.6389612706629856,0.29122138723656416,0.05,1.0,0.09466019417475728,"{""lgbm"": 4, ""et"": 9, ""mlp"": 3, ""logreg"": 3, ""rf"": 2}"
tsmom_multi,time_series_momentum,S5_params,0.3477398834264214,0.4675559960074414,0.11981611258101998,0.1805,1.0,0.26664772727272723,"{""logreg"": 5, ""lgbm"": 2, ""et"": 5, ""rf"": 3, ""mlp"": 6}"
linreg_63,time_series_momentum,S1_filter,0.25140664008766517,0.5439703001762248,0.29256366008855966,0.037,1.0,0.07758064516129032,"{""et"": 9, ""mlp"": 1, ""logreg"": 6, ""rf"": 3, ""lgbm"": 2}"
linreg_63,time_series_momentum,S2_regime,0.25140664008766517,0.14367687376440774,-0.10772976632325743,0.3885,1.0,0.5188869863013699,"{""rf"": 9, ""logreg"": 4, ""et"": 2, ""mlp"": 2, ""lgbm"": 4}"
linreg_63,time_series_momentum,S3_sizing,0.25140664008766517,0.6130134685489435,0.3616068284612783,0.006,0.804,0.018,"{""et"": 9, ""rf"": 3, ""logreg"": 2, ""lgbm"": 3, ""mlp"": 4}"
linreg_63,time_series_momentum,S4_exit,0.25140664008766517,0.4753038025343995,0.22389716244673435,0.231,1.0,0.33366666666666667,"{""mlp"": 6, ""lgbm"": 5, ""logreg"": 1, ""et"": 6, ""rf"": 3}"
linreg_63,time_series_momentum,S5_params,0.25140664008766517,0.5109612438877917,0.25955460380012657,0.114,1.0,0.18073170731707316,"{""et"": 5, ""lgbm"": 7, ""rf"": 4, ""logreg"": 4, ""mlp"": 1}"
trix_15,oscillator_trend,S1_filter,-0.10732858491073545,0.5074568713997091,0.6147854563104446,0.0005,0.084,0.0025657894736842105,"{""logreg"": 4, ""rf"": 7, ""et"": 9, ""lgbm"": 1}"
trix_15,oscillator_trend,S2_regime,-0.10732858491073545,-0.0888100801544576,0.01851850475627785,0.8805,1.0,0.9132845744680851,"{""et"": 7, ""rf"": 3, ""mlp"": 6, ""lgbm"": 2, ""logreg"": 3}"
trix_15,oscillator_trend,S3_sizing,-0.10732858491073545,0.43971788098691306,0.5470464658976485,0.0,0.0,0.0,"{""lgbm"": 4, ""et"": 7, ""mlp"": 3, ""logreg"": 2, ""rf"": 5}"
trix_15,oscillator_trend,S4_exit,-0.10732858491073545,0.31980359361369703,0.42713217852443247,0.005,0.685,0.01625,"{""lgbm"": 7, ""et"": 6, ""rf"": 4, ""logreg"": 2, ""mlp"": 2}"
trix_15,oscillator_trend,S5_params,-0.10732858491073545,0.0927453763655346,0.20007396127627003,0.38,1.0,0.5110344827586206,"{""mlp"": 8, ""logreg"": 8, ""lgbm"": 3, ""et"": 2}"
macd_12_26_9,oscillator_trend,S1_filter,-0.10858620142671997,0.5411705500383239,0.6497567514650439,0.0005,0.084,0.0025657894736842105,"{""logreg"": 1, ""et"": 8, ""mlp"": 5, ""lgbm"": 3, ""rf"": 4}"
macd_12_26_9,oscillator_trend,S2_regime,-0.10858620142671997,-0.005193686589327505,0.10339251483739247,0.4315,1.0,0.5499509803921568,"{""et"": 8, ""rf"": 3, ""mlp"": 5, ""lgbm"": 2, ""logreg"": 3}"
macd_12_26_9,oscillator_trend,S3_sizing,-0.10858620142671997,0.3722328855002094,0.4808190869269294,0.0005,0.084,0.0025657894736842105,"{""logreg"": 3, ""et"": 6, ""rf"": 5, ""lgbm"": 3, ""mlp"": 4}"
macd_12_26_9,oscillator_trend,S4_exit,-0.10858620142671997,0.33694167760412996,0.44552787903084995,0.0,0.0,0.0,"{""lgbm"": 6, ""logreg"": 3, ""rf"": 7, ""mlp"": 3, ""et"": 2}"
macd_12_26_9,oscillator_trend,S5_params,-0.10858620142671997,0.03991174835596763,0.1484979497826876,0.4165,1.0,0.537864238410596,"{""lgbm"": 7, ""logreg"": 4, ""et"": 5, ""mlp"": 2, ""rf"": 3}"
kst,oscillator_trend,S1_filter,-0.09110233186796074,0.36988804340448234,0.4609903752724431,0.01,1.0,0.025324675324675323,"{""et"": 10, ""mlp"": 2, ""rf"": 3, ""lgbm"": 5, ""logreg"": 1}"
kst,oscillator_trend,S2_regime,-0.09110233186796074,-0.14916024598733685,-0.05805791411937611,0.672,1.0,0.7663157894736843,"{""et"": 10, ""mlp"": 3, ""lgbm"": 3, ""rf"": 2, ""logreg"": 3}"
kst,oscillator_trend,S3_sizing,-0.09110233186796074,0.45961875491554915,0.55072108678351,0.0,0.0,0.0,"{""logreg"": 3, ""et"": 9, ""lgbm"": 4, ""mlp"": 2, ""rf"": 3}"
kst,oscillator_trend,S4_exit,-0.09110233186796074,0.4605958487081808,0.5516981805761416,0.001,0.157,0.004333333333333333,"{""mlp"": 4, ""et"": 7, ""lgbm"": 2, ""rf"": 6, ""logreg"": 2}"
kst,oscillator_trend,S5_params,-0.09110233186796074,0.09027484740808595,0.18137717927604668,0.3965,1.0,0.5230743243243243,"{""logreg"": 3, ""et"": 7, ""mlp"": 5, ""rf"": 4, ""lgbm"": 2}"
cci_20_100,oscillator_trend,S1_filter,0.049822352157821694,0.5341241275897072,0.48430177543188546,0.018,1.0,0.04228915662650602,"{""rf"": 3, ""et"": 13, ""mlp"": 1, ""logreg"": 4}"
cci_20_100,oscillator_trend,S2_regime,0.049822352157821694,-0.045196871696416924,-0.09501922385423861,0.5215,1.0,0.6395754716981131,"{""lgbm"": 3, ""rf"": 5, ""logreg"": 6, ""mlp"": 3, ""et"": 4}"
cci_20_100,oscillator_trend,S3_sizing,0.049822352157821694,0.5434955783876849,0.4936732262298632,0.0005,0.084,0.0025657894736842105,"{""et"": 11, ""mlp"": 4, ""lgbm"": 1, ""rf"": 3, ""logreg"": 2}"
cci_20_100,oscillator_trend,S4_exit,0.049822352157821694,0.40101151197122975,0.35118915981340804,0.0355,1.0,0.0752445652173913,"{""logreg"": 1, ""et"": 5, ""mlp"": 2, ""lgbm"": 9, ""rf"": 4}"
cci_20_100,oscillator_trend,S5_params,0.049822352157821694,0.19379533136030327,0.1439729792024816,0.3255,1.0,0.45015957446808513,"{""lgbm"": 8, ""mlp"": 6, ""rf"": 3, ""et"": 3, ""logreg"": 1}"
tsi_25_13,oscillator_trend,S1_filter,-0.1571515594312241,0.3404771747284328,0.4976287341596569,0.008,1.0,0.021971830985915493,"{""logreg"": 3, ""lgbm"": 1, ""et"": 7, ""mlp"": 4, ""rf"": 6}"
tsi_25_13,oscillator_trend,S2_regime,-0.1571515594312241,-0.11734789652768447,0.039803662903539636,0.7445,1.0,0.8121368715083799,"{""et"": 7, ""logreg"": 5, ""mlp"": 5, ""lgbm"": 2, ""rf"": 2}"
tsi_25_13,oscillator_trend,S3_sizing,-0.1571515594312241,0.2999833141132657,0.4571348735444898,0.0005,0.084,0.0025657894736842105,"{""logreg"": 3, ""et"": 5, ""lgbm"": 3, ""rf"": 7, ""mlp"": 3}"
tsi_25_13,oscillator_trend,S4_exit,-0.1571515594312241,0.27535152009442854,0.43250307952565265,0.003,0.435,0.01125,"{""logreg"": 4, ""et"": 6, ""lgbm"": 4, ""rf"": 3, ""mlp"": 4}"
tsi_25_13,oscillator_trend,S5_params,-0.1571515594312241,-0.06748585973001625,0.08966569970120786,0.5065,1.0,0.6257278481012658,"{""mlp"": 5, ""rf"": 4, ""lgbm"": 3, ""et"": 7, ""logreg"": 2}"
adx_dmi_14,directional,S1_filter,-0.19345145084650117,0.3678477312228175,0.5612991820693187,0.0,0.0,0.0,"{""lgbm"": 4, ""rf"": 4, ""et"": 9, ""logreg"": 3, ""mlp"": 1}"
adx_dmi_14,directional,S2_regime,-0.19345145084650117,-0.09838571304350499,0.09506573780299618,0.6265,1.0,0.7186323529411764,"{""lgbm"": 7, ""rf"": 3, ""logreg"": 5, ""et"": 6}"
adx_dmi_14,directional,S3_sizing,-0.19345145084650117,0.28526996399558247,0.47872141484208364,0.0,0.0,0.0,"{""et"": 9, ""rf"": 5, ""lgbm"": 6, ""logreg"": 1}"
adx_dmi_14,directional,S4_exit,-0.19345145084650117,0.23139077947279518,0.42484223031929635,0.0015,0.225,0.006223404255319149,"{""lgbm"": 6, ""et"": 5, ""mlp"": 2, ""logreg"": 3, ""rf"": 5}"
adx_dmi_14,directional,S5_params,-0.19345145084650117,-0.12640747115879689,0.06704397968770429,0.6865,1.0,0.7738005780346822,"{""lgbm"": 5, ""et"": 7, ""mlp"": 6, ""rf"": 2, ""logreg"": 1}"
aroon_25,directional,S1_filter,0.10423855414479735,0.5637722220975285,0.4595336679527312,0.008,1.0,0.021971830985915493,"{""logreg"": 6, ""et"": 11, ""rf"": 2, ""lgbm"": 2}"
aroon_25,directional,S2_regime,0.10423855414479735,-0.06462493055427976,-0.1688634846990771,0.2415,1.0,0.34626838235294116,"{""rf"": 5, ""lgbm"": 4, ""logreg"": 5, ""mlp"": 2, ""et"": 5}"
aroon_25,directional,S3_sizing,0.10423855414479735,0.603654121545514,0.4994155674007167,0.0005,0.084,0.0025657894736842105,"{""et"": 11, ""lgbm"": 5, ""rf"": 1, ""logreg"": 4}"
aroon_25,directional,S4_exit,0.10423855414479735,0.38303496969910217,0.2787964155543048,0.096,1.0,0.1573109243697479,"{""mlp"": 3, ""et"": 10, ""logreg"": 4, ""rf"": 1, ""lgbm"": 3}"
aroon_25,directional,S5_params,0.10423855414479735,0.3108353311929738,0.20659677704817644,0.2625,1.0,0.37363138686131386,"{""mlp"": 6, ""lgbm"": 5, ""rf"": 3, ""logreg"": 4, ""et"": 3}"
elder_impulse,oscillator_trend,S1_filter,-0.7200074497735468,-0.1706148251977242,0.5493926245758226,0.0,0.0,0.0,"{""logreg"": 1, ""lgbm"": 7, ""mlp"": 3, ""et"": 8, ""rf"": 2}"
elder_impulse,oscillator_trend,S2_regime,-0.7200074497735468,-0.41660781796192814,0.30339963181161866,0.0135,1.0,0.03210365853658537,"{""lgbm"": 6, ""mlp"": 4, ""logreg"": 4, ""rf"": 5, ""et"": 2}"
elder_impulse,oscillator_trend,S3_sizing,-0.7200074497735468,-0.2919078255021057,0.4280996242714411,0.001,0.157,0.004333333333333333,"{""logreg"": 6, ""et"": 5, ""lgbm"": 6, ""rf"": 4}"
elder_impulse,oscillator_trend,S4_exit,-0.7200074497735468,-0.3634513033710407,0.3565561464025061,0.006,0.804,0.018,"{""et"": 4, ""mlp"": 2, ""logreg"": 7, ""lgbm"": 2, ""rf"": 6}"
elder_impulse,oscillator_trend,S5_params,-0.7200074497735468,-0.6404548144823502,0.0795526352911966,0.125,1.0,0.19422619047619047,"{""lgbm"": 4, ""mlp"": 1, ""et"": 5, ""rf"": 6, ""logreg"": 5}"
ichimoku,directional,S1_filter,0.19424873663885955,0.5812879645229408,0.3870392278840813,0.009,1.0,0.02404109589041096,"{""et"": 14, ""mlp"": 2, ""logreg"": 3, ""rf"": 1, ""lgbm"": 1}"
ichimoku,directional,S2_regime,0.19424873663885955,0.11162983827959345,-0.0826188983592661,0.589,1.0,0.6836607142857142,"{""lgbm"": 6, ""rf"": 5, ""logreg"": 5, ""mlp"": 2, ""et"": 3}"
ichimoku,directional,S3_sizing,0.19424873663885955,0.6069485483484358,0.41269981170957626,0.003,0.435,0.01125,"{""rf"": 6, ""et"": 7, ""mlp"": 2, ""lgbm"": 2, ""logreg"": 4}"
ichimoku,directional,S4_exit,0.19424873663885955,0.40345443441122236,0.2092056977723628,0.17,1.0,0.25305343511450384,"{""lgbm"": 3, ""et"": 8, ""mlp"": 6, ""logreg"": 3, ""rf"": 1}"
ichimoku,directional,S5_params,0.19424873663885955,0.358876267411833,0.16462753077297343,0.1255,1.0,0.19422619047619047,"{""lgbm"": 10, ""logreg"": 4, ""rf"": 1, ""et"": 2, ""mlp"": 4}"
vortex_14,directional,S1_filter,-0.004099883472909045,0.4303230267132491,0.4344229101861582,0.002,0.296,0.007959183673469388,"{""rf"": 3, ""et"": 10, ""mlp"": 1, ""logreg"": 5, ""lgbm"": 2}"
vortex_14,directional,S2_regime,-0.004099883472909045,0.017167445710847808,0.02126732918375685,0.878,1.0,0.9132845744680851,"{""lgbm"": 5, ""rf"": 3, ""logreg"": 6, ""mlp"": 4, ""et"": 3}"
vortex_14,directional,S3_sizing,-0.004099883472909045,0.49908249279662503,0.5031823762695341,0.001,0.157,0.004333333333333333,"{""rf"": 7, ""et"": 7, ""lgbm"": 1, ""mlp"": 1, ""logreg"": 5}"
vortex_14,directional,S4_exit,-0.004099883472909045,0.3826171095202003,0.38671699299310935,0.012,1.0,0.029249999999999998,"{""rf"": 8, ""mlp"": 5, ""lgbm"": 5, ""logreg"": 1, ""et"": 2}"
vortex_14,directional,S5_params,-0.004099883472909045,0.05973580702577953,0.06383569049868858,0.694,1.0,0.7777586206896551,"{""mlp"": 2, ""et"": 6, ""lgbm"": 8, ""logreg"": 3, ""rf"": 2}"
heikin_ashi_3,directional,S1_filter,-0.381568722449807,0.18584962583794543,0.5674183482877524,0.0045,0.6345,0.015129310344827585,"{""et"": 12, ""mlp"": 1, ""logreg"": 5, ""rf"": 2, ""lgbm"": 1}"
heikin_ashi_3,directional,S2_regime,-0.381568722449807,-0.3493590673793785,0.0322096550704285,0.813,1.0,0.8727049180327868,"{""et"": 6, ""lgbm"": 6, ""mlp"": 3, ""rf"": 3, ""logreg"": 3}"
heikin_ashi_3,directional,S3_sizing,-0.381568722449807,0.1972326344936015,0.5788013569434085,0.0,0.0,0.0,"{""logreg"": 5, ""et"": 8, ""lgbm"": 4, ""rf"": 4}"
heikin_ashi_3,directional,S4_exit,-0.381568722449807,-0.26405788732668767,0.11751083512311933,0.4095,1.0,0.53235,"{""logreg"": 8, ""et"": 4, ""lgbm"": 6, ""rf"": 3}"
heikin_ashi_3,directional,S5_params,-0.381568722449807,0.05038820273081422,0.43195692518062123,0.0445,1.0,0.08863636363636364,"{""lgbm"": 11, ""et"": 4, ""logreg"": 4, ""mlp"": 2}"
