period,ml_stage,mean_dSharpe,share_improved,n,sig_pos,sig_neg,mean_base_sharpe
2006-2010,S1_filter,0.3324187927998011,0.8974358974358975,39,8,0,0.3176886984803294
2006-2010,S2_regime,-0.09633225902741233,0.3076923076923077,39,0,0,0.3176886984803294
2006-2010,S3_sizing,0.3401782753089423,0.9487179487179487,39,12,0,0.3176886984803294
2006-2010,S4_exit,0.15466224962296748,0.8717948717948718,39,1,0,0.3176886984803294
2006-2010,S5_params,0.20153270547203017,0.8205128205128205,39,4,0,0.3176886984803294
2011-2015,S1_filter,0.33742743409741005,0.9743589743589743,39,3,0,-0.3242049599953421
2011-2015,S2_regime,0.19014401820934573,0.7948717948717948,39,2,2,-0.3242049599953421
2011-2015,S3_sizing,0.2133721215226266,0.9743589743589743,39,0,0,-0.3242049599953421
2011-2015,S4_exit,0.1501411035340724,0.7948717948717948,39,1,0,-0.3242049599953421
2011-2015,S5_params,0.1408848399959371,0.6666666666666666,39,2,1,-0.3242049599953421
2016-2020,S1_filter,0.4094463349475597,0.9230769230769231,39,5,0,0.09401255224384271
2016-2020,S2_regime,-0.26541683570359415,0.1794871794871795,39,0,1,0.09401255224384271
2016-2020,S3_sizing,0.45621590498817344,0.9743589743589743,39,8,0,0.09401255224384271
2016-2020,S4_exit,0.23717580787131212,0.9230769230769231,39,1,1,0.09401255224384271
2016-2020,S5_params,0.1423081619402003,0.7435897435897436,39,0,0,0.09401255224384271
2021-2026,S1_filter,0.8387142600363052,0.9487179487179487,39,34,0,-0.1790646405761279
2021-2026,S2_regime,0.16490836130792866,0.8205128205128205,39,5,2,-0.1790646405761279
2021-2026,S3_sizing,0.7853500912372261,1.0,39,35,0,-0.1790646405761279
2021-2026,S4_exit,0.6137405748925782,0.9487179487179487,39,23,1,-0.1790646405761279
2021-2026,S5_params,0.16354886420458453,0.8461538461538461,39,0,0,-0.1790646405761279
