strategy,ml_stage,cagr,total_return,ann_vol,sharpe,sortino,calmar,max_drawdown,win_rate_trades,profit_factor_trades,turnover,cost_drag,exposure,n_trades,stability_r2,pct_pos_years
faber_10m,S1_filter,0.031869391356056154,0.1974588513880522,0.05396022730815997,0.6084059357356022,0.8063481108488325,0.3021008357432225,-0.10549256269898,0.4647887323943662,12.810771006281504,3.7143815363139945,0.003714381536313995,0.5033547721137048,71.0,0.397896688503348,0.6666666666666666
faber_10m,S2_regime,0.0027313663497450236,0.015790991493596085,0.042721404359536176,0.08523134541790775,0.11123164044714201,0.024628643396611666,-0.11090202191651355,0.43843416370106764,1.1222827616053568,8.497605305219665,0.008497605305219666,0.36685458684029426,1405.0,-0.2704952011735477,0.6666666666666666
faber_10m,S3_sizing,0.022870070202502868,0.13869887977848538,0.0587342438630994,0.41442237905942214,0.5394928837028108,0.2138948675143487,-0.10692201485839148,0.5108695652173914,5.372862294479118,15.240217705722094,0.015240217705722094,0.5029776083849452,92.0,0.26225450651140464,0.6666666666666666
faber_10m,S4_exit,0.014431665857588483,0.08578494711721296,0.014930442271712033,0.9671554079950826,1.3211365518831981,0.4961919282938601,-0.029084846074000636,0.6538461538461539,14.166790801380298,0.4994825454840443,0.0004994825454840442,0.07664363982848975,52.0,0.5596803447967318,1.0
faber_10m,S5_params,0.031153871818739853,0.19269719197132407,0.053627437433804485,0.5989123724637517,0.7934222971969354,0.29323333875666585,-0.10624259830357252,0.5,5.476317518292302,3.8337735386253846,0.003833773538625385,0.49745249060399127,106.0,0.382733455001379,0.6666666666666666
bll_vma_200,S1_filter,0.03436634562446517,0.21419882918820976,0.04728554433055795,0.7382207519347863,1.060959854221052,0.6842427567157667,-0.0502253699979478,0.1965635738831615,1.3320880903924148,11.011693235881104,0.011011693235881108,0.628030543645122,1455.0,0.8803660945127445,1.0
bll_vma_200,S2_regime,0.02903280235277994,0.17867363635050837,0.05348233296817928,0.5618535682028791,0.8192768568078579,0.413257893035871,-0.07025347329605602,0.4069839950114321,1.1792370313775247,27.01567721214388,0.02701567721214388,0.6879598750727861,4811.0,0.4521545273728823,0.6666666666666666
bll_vma_200,S3_sizing,0.027821513368464723,0.17072642315375886,0.07625761031579674,0.39795421397302544,0.5778529379032744,0.2636028237659148,-0.10554330553443103,0.19070167886353853,1.2091131013308485,48.133813799476414,0.04813381379947642,0.9998147265893811,2323.0,0.5201829930402683,0.8333333333333334
bll_vma_200,S4_exit,0.015270358739458256,0.09095138207449249,0.030812588856407273,0.5072450979625448,0.7460224451140911,0.3488877824706769,-0.043768682959661076,0.31086853345989557,1.2341826109544518,11.526332973142962,0.011526332973142964,0.3686213011486952,2107.0,0.7156696640301466,1.0
bll_vma_200,S5_params,0.0509682986519433,0.330488091741618,0.06960417601708177,0.7490069061193172,1.0870464677930538,0.5930915992915134,-0.08593663898262638,0.20633561643835616,1.4682145030925902,17.14947890826416,0.01714947890826416,0.9999205971097348,2336.0,0.8222931447744711,1.0
dema_20_50,S1_filter,0.05242958294782518,0.3411492357912205,0.046830977146645754,1.1145983213240405,1.6891491558943432,0.6689802581676697,-0.07837239187211487,0.36443468715697036,1.4056135532929055,17.653237576852487,0.017653237576852488,0.5530609814197237,2733.0,0.8976035025263901,0.8333333333333334
dema_20_50,S2_regime,0.03053224362894258,0.18857306829269072,0.05573202131027439,0.567495837459724,0.8471285729229892,0.2321509991647128,-0.13151889821193374,0.3868015414258189,1.122600395007438,35.592494303651144,0.03559249430365115,0.7467974167593034,6228.0,0.6613269586064636,0.8333333333333334
dema_20_50,S3_sizing,0.04434665518007774,0.2830513826465799,0.07523231122588178,0.6143611815319778,0.9153297878184935,0.2850396073514735,-0.15558067733862424,0.35972250561109975,1.188109686662344,65.9193675596237,0.0659193675596237,0.9997088560690275,4901.0,0.6548642027525702,0.8333333333333334
dema_20_50,S4_exit,0.03885668698289857,0.2447890957892933,0.043040723636179834,0.9071975910578307,1.4189933541336328,0.5032475485297273,-0.0772118753413128,0.4236453201970443,1.2390286235517938,24.480477458299315,0.024480477458299316,0.5176340585463978,4263.0,0.9041368619712146,0.8333333333333334
dema_20_50,S5_params,0.026318584775790077,0.1609273471006687,0.05853230028420124,0.4730800990098078,0.6970979688110174,0.3509111872913472,-0.07500070025963246,0.3505719349121959,1.0705677187047926,37.836100383399724,0.03783610038339972,0.9999205971097348,6207.0,0.7486253303370918,0.6666666666666666
ema_12_26,S1_filter,0.032160650850461714,0.19940162411445028,0.044825420407020415,0.7285703483952891,1.1002733424935611,0.37894940079827377,-0.08486792902354212,0.28290468986384265,1.3536950965973753,16.92352108286641,0.016923521082866412,0.5387816949870309,2644.0,0.8498710865901372,0.8333333333333334
ema_12_26,S2_regime,0.017047457926250287,0.10196560732157889,0.05490302505835925,0.33532292987172474,0.4957084668818541,0.13584146130112104,-0.12549524837973458,0.34023213536568314,1.0862206635570582,39.11408399885521,0.03911408399885521,0.7619633687999577,7151.0,0.3172005723598115,0.6666666666666666
ema_12_26,S3_sizing,0.03896123189156042,0.2455088131052885,0.07815327190193132,0.528111393562925,0.7789671595966741,0.23824442179576616,-0.16353470775051238,0.2684743173572656,1.1585056756489938,61.040919221067234,0.06104091922106724,0.9998808956646021,5237.0,0.6044168267796064,0.6666666666666666
ema_12_26,S4_exit,0.033390312304627745,0.2076324896714834,0.04272587283441145,0.7900923947005103,1.1926507926016956,0.3167761352906728,-0.10540665342099997,0.352859778597786,1.2248589523775912,24.813488684579433,0.024813488684579433,0.5318207082737811,4336.0,0.7963223302285856,0.8333333333333334
ema_12_26,S5_params,0.04852926813229064,0.31284951647732506,0.06724321647364537,0.7383478923087318,1.0790051681246189,0.5823659581243951,-0.08333122404439142,0.2921321606845733,1.3147713997920902,27.977040523153107,0.02797704052315311,0.9999205971097348,4207.0,0.8635323846790189,0.6666666666666666
triple_ma_4_9_18,S1_filter,0.00799928796331617,0.04682858280949631,0.041374158309463796,0.21323891583738167,0.3236928639576067,0.09138537520722376,-0.0875335680920184,0.35251694793018895,1.073365767392176,36.97097767126561,0.036970977671265615,0.37478825895929274,6933.0,0.4060372440185287,0.5
triple_ma_4_9_18,S2_regime,-0.0010065270424256534,-0.0057677164160672145,0.04079886104982421,-0.004299476967522473,-0.006572711864644772,-0.009263802423278145,-0.10865160939707064,0.37327965546297165,1.132300280564535,59.886074048277685,0.059886074048277685,0.403386533269811,10681.0,-0.14695390612501982,0.5
triple_ma_4_9_18,S3_sizing,-0.012028201663209726,-0.06714826168607835,0.06889609952031595,-0.14125484858344198,-0.21708467174965845,-0.058009670548925904,-0.2073482153818651,0.350820633059789,1.0466282950011458,94.4410627032512,0.0944410627032512,0.6539357365941453,13648.0,-0.2722175578323524,0.5
triple_ma_4_9_18,S4_exit,0.0016714358436187293,0.009638888925117328,0.04913514498250008,0.058529586079390676,0.09012224612041494,0.013606580303804974,-0.1228402586321653,0.364465868985108,1.101530781917268,59.836459098124855,0.059836459098124864,0.5059419829548462,11617.0,-0.021006912546735684,0.5
triple_ma_4_9_18,S5_params,0.01983049478846932,0.11939893930478784,0.05824454253696776,0.3662385798499853,0.5506096148979749,0.21427143343807734,-0.09254847680943978,0.3495279760534193,1.1431736588067296,44.56179313130292,0.04456179313130292,0.658197025038378,8686.0,0.6469266142451089,0.8333333333333334
sma_50_200,S1_filter,0.029398141578820258,0.1810793374013937,0.05310621408432665,0.5721444168709972,0.8160250556278096,0.2955735035982682,-0.0994613563832063,0.33435114503816793,2.116075426557471,8.049004551615388,0.008049004551615387,0.7228839129744322,655.0,0.2004648672789777,0.6666666666666666
sma_50_200,S2_regime,0.026758308284675403,0.16378730189689716,0.0576132402397922,0.4871481850678626,0.6928113381775052,0.3484773607197501,-0.07678636061007926,0.4392067620286086,1.225029395957519,19.109582765882042,0.019109582765882045,0.7788828013339686,3076.0,0.5006298025617362,0.5
sma_50_200,S3_sizing,0.006587995681342829,0.03843774368263153,0.07683230250199062,0.12386441463185931,0.17489445370269685,0.04508293333575734,-0.14613059075545087,0.31606765327695563,1.3040011200214567,41.43324726909765,0.041433247269097646,0.9994971150283205,946.0,-0.03089377551890104,0.5
sma_50_200,S4_exit,0.011827988892362251,0.06987459517117012,0.029787125660910636,0.40963983514286967,0.6018475287692492,0.1608446212711286,-0.07353673874132438,0.4622991347342398,1.131334075569007,6.2422264058977355,0.0062422264058977365,0.30898973055952567,809.0,0.5248375286069262,0.5
sma_50_200,S5_params,0.037499842750347456,0.23547930275438822,0.06329504795406182,0.6132799446766908,0.8598320502008889,0.3704136180807872,-0.10123775401305235,0.4006243496357961,1.771387777710153,17.16466912781204,0.017164669127812046,0.9999139802022127,1922.0,0.5546002608598889,0.8333333333333334
gmma,S1_filter,0.03747190920555865,0.2352882466096775,0.04464215918783985,0.8463622301665452,1.238332495871989,0.41776091876352545,-0.08969701932978014,0.29886148007590135,1.3441717066290764,18.42540284161474,0.018425402841614737,0.4708723730877137,3162.0,0.8275285280559426,0.6666666666666666
gmma,S2_regime,0.02426242213024543,0.14763101069435636,0.05015837262483731,0.5030107600545108,0.7460568601751847,0.21996127600869175,-0.11030315231162191,0.33047464143131744,1.1674020380105776,37.09136051727957,0.03709136051727957,0.5641707691493303,6763.0,0.5596131404331108,0.8333333333333334
gmma,S3_sizing,0.049869278251867044,0.3225161299262618,0.0711023059163492,0.7199814560848697,1.0701190491633292,0.3806098349831222,-0.1310246705897089,0.28526093088857546,1.2607970263754182,55.06936743870402,0.055069367438704026,0.7612156582499603,5672.0,0.7782759196445473,0.6666666666666666
gmma,S4_exit,0.026332127210974887,0.16101534016990304,0.03754134042288752,0.711104405464873,1.0741941790228404,0.3506665441806288,-0.07509164375091104,0.3405600722673893,1.2131287002506592,24.522307907743237,0.024522307907743242,0.4033799163622889,4428.0,0.7182513254763245,0.6666666666666666
gmma,S5_params,0.03748534593587394,0.23538014632468074,0.06442610650799108,0.6033993156263686,0.8800143266843486,0.4784921698857174,-0.07834056290790903,0.2709399407487207,1.3456716527437436,24.80666853593361,0.02480666853593361,0.782991900905193,3713.0,0.7633308324914759,0.6666666666666666
jma_7_21,S1_filter,0.005769046618102847,0.03359420478034081,0.04163674372084217,0.15895613938692515,0.24824970883134986,0.07299984857949417,-0.07902819978894293,0.3415836039870086,1.040910185772982,45.58764359563234,0.04558764359563234,0.4687417288655974,8929.0,0.21436963167375836,0.3333333333333333
jma_7_21,S2_regime,-0.019731740639459705,-0.10816349709481243,0.047930172749173695,-0.3918421402248865,-0.5913822398262234,-0.10197887511771746,-0.19348851040652026,0.3515217243950383,1.0084073950129782,82.2665435221184,0.0822665435221184,0.5949129214970093,14753.0,-0.5492940921328092,0.3333333333333333
jma_7_21,S3_sizing,-0.028073243270641757,-0.15088422728550555,0.0778133631789788,-0.32707071746516675,-0.49084898932302934,-0.09941189227794632,-0.28239320897495446,0.31090573012939005,1.0297875348206653,130.72852168153074,0.13072852168153076,0.9999073632946905,18935.0,-0.4489492658293324,0.3333333333333333
jma_7_21,S4_exit,-0.022720971293406778,-0.12367215634159823,0.050942026546815934,-0.4257028720493745,-0.6345545689241707,-0.11719318108673264,-0.19387622285456507,0.3452015551463065,0.9984761583029821,76.56969576631344,0.07656969576631345,0.6650521412312741,14661.0,-0.5782701121544728,0.3333333333333333
jma_7_21,S5_params,0.00829950916039901,0.04862075107257691,0.0656180677058637,0.15874301061557766,0.23821484876367463,0.07001844410898939,-0.11853318459176487,0.32812626467017403,1.0152388313225933,63.39887992626608,0.0633988799262661,0.9999205971097348,12355.0,0.27627737317078377,0.8333333333333334
zlema_10_30,S1_filter,0.021598699187362014,0.1305930837961058,0.04013111457970991,0.552526311525341,0.8507679424924087,0.35368795647303886,-0.061067103903517994,0.3746568414968935,1.1125733110318399,37.09150931559596,0.037091509315595954,0.4568908474935155,6921.0,0.5924175865101652,0.6666666666666666
zlema_10_30,S2_regime,-0.01227852608741542,-0.06850509205540523,0.04696295424802677,-0.23960137517802638,-0.3568843332399185,-0.0842442736555667,-0.14574908839046152,0.3786524993962811,1.028164271941147,69.12216735142155,0.06912216735142156,0.5933976496744482,12423.0,-0.38960820134277413,0.3333333333333333
zlema_10_30,S3_sizing,-0.023686869079040496,-0.12863552314597249,0.07635461956204752,-0.2758222657323669,-0.4155274933408785,-0.09990940768608682,-0.23708347019195752,0.36445845036651364,0.9946797182754394,115.8720009951796,0.1158720009951796,0.9998808956646021,14597.0,-0.2971344163160126,0.3333333333333333
zlema_10_30,S4_exit,-0.008590350697908478,-0.04834835210723176,0.04945263043657378,-0.14975647361681083,-0.22859245440613374,-0.05245500831304458,-0.16376607256722553,0.37933968686181074,1.0207026241710075,62.47679875745895,0.06247679875745896,0.6514080779207029,11752.0,-0.34391935068029084,0.6666666666666666
zlema_10_30,S5_params,0.02230026513462513,0.1350600968447584,0.0640220926772582,0.3764776593960902,0.5699601044644826,0.16355113175818553,-0.13635041772500012,0.361939284096058,1.0833407414642213,54.98818792022788,0.05498818792022787,0.9999205971097348,11035.0,0.6809540006846199,0.8333333333333334
kama_10,S1_filter,-0.01887438444089662,-0.103673791270402,0.045518170110062456,-0.3958777541643759,-0.6054531088117922,-0.12971135090068928,-0.1455106612477376,0.2375825567719171,0.9293593969166387,54.99714215685924,0.05499714215685924,0.5503877507807952,11053.0,-0.8060948188897215,0.16666666666666666
kama_10,S2_regime,-0.02545009355396055,-0.13763616214220598,0.047941889591556944,-0.5137744288986805,-0.7900819051165477,-0.11833600756765233,-0.21506635281244224,0.26955543050084413,0.992616712368204,90.5637311658608,0.09056373116586082,0.5994653538722143,15993.0,-0.7257654686966246,0.3333333333333333
kama_10,S3_sizing,-0.07472711801176912,-0.3598915547403081,0.0758795124907602,-0.9856465133593268,-1.5078421810166376,-0.17269156242108713,-0.43272014546695825,0.22079162875341218,0.8960434367582516,149.0194751923451,0.1490194751923451,0.9991530358371712,21980.0,-0.8833165671390539,0.16666666666666666
kama_10,S4_exit,-0.04859706931245311,-0.24885226120360104,0.04947398371711878,-0.9822206576578955,-1.4926838197217132,-0.15985459607308444,-0.30400795789590473,0.24844192634560908,0.9143668591854921,90.14682650753136,0.09014682650753135,0.6495156423693822,17650.0,-0.9076191693724451,0.0
kama_10,S5_params,-0.030137601583260065,-0.16119155249260453,0.06807250891384772,-0.4155294310853141,-0.6240060528870026,-0.12579028661675434,-0.23958607928989295,0.19206186884826792,0.9022795172921263,80.8798231148431,0.0808798231148431,0.9999205971097348,15646.0,-0.8365874700574346,0.3333333333333333
turtle_55_20,S1_filter,0.02207944558719932,0.13365252475863332,0.03796847762313484,0.5941723176375046,0.8704138779255692,0.3999394152971793,-0.055206975713541384,0.35400763358778625,1.6396271439659393,7.817043604235804,0.007817043604235803,0.3425506855116193,1048.0,0.6790779749320894,0.6666666666666666
turtle_55_20,S2_regime,0.0074454137360846495,0.04352887307805853,0.04569732762162537,0.18516450568017234,0.26935456811831887,0.0695355463563382,-0.10707349156257828,0.3891891891891892,1.085231629418286,17.51372082294851,0.017513720822948508,0.46679635805409986,3145.0,0.06552269465746496,0.6666666666666666
turtle_55_20,S3_sizing,0.016763599992948963,0.10020015656742332,0.05660865339132449,0.32197452993173403,0.4637040005498074,0.21561390086411067,-0.07774823388364982,0.3177521008403361,1.2300670601926766,30.766210039479116,0.03076621003947912,0.6146710073580011,1904.0,0.47735456752545685,0.5
turtle_55_20,S4_exit,0.014793675790765182,0.08801248137821616,0.02972580963037021,0.508887154457552,0.7350033368554636,0.33844968156517324,-0.043710118805109444,0.40014958863126404,1.2821571782633583,7.9793143140673015,0.007979314314067303,0.2569411359906834,1337.0,0.7817601238546924,0.8333333333333334
turtle_55_20,S5_params,0.02301058702476655,0.1395977014172909,0.05575837425418063,0.43588330095353717,0.6249055850944487,0.2907451987738763,-0.0791434806896425,0.3373305526590198,1.3005252557646805,13.115404501908563,0.013115404501908564,0.6332579005875814,1918.0,0.41650466713470835,0.8333333333333334
vidya_14,S1_filter,0.0066069628634166655,0.03855014365427656,0.049065113800335264,0.15873110908816027,0.23881253609006642,0.06545298696516658,-0.10094211387072105,0.2014637904468413,0.9868259894249072,39.22955531911242,0.03922955531911242,0.5895466094965857,7788.0,0.42781352314673216,0.6666666666666666
vidya_14,S2_regime,-0.011498782970132848,-0.06427328288736511,0.048281957906049645,-0.21541372867110842,-0.3229975797392693,-0.06087855401836852,-0.18888068475909248,0.2576035762752455,1.0228109691355072,70.16344282519026,0.07016344282519027,0.6132285215181833,12527.0,-0.37507720785515425,0.5
vidya_14,S3_sizing,0.0051883258050409164,0.03017094644370455,0.08069731730714096,0.10442286120513114,0.15850884267033252,0.024318343569135526,-0.21335029626055046,0.17802011046593966,1.011827607239291,102.76708519206537,0.10276708519206537,0.9994904981207982,14122.0,0.23154784211618756,0.6666666666666666
vidya_14,S4_exit,9.892042256010036e-05,0.0005683333292854087,0.04715983561036351,0.025655198246624947,0.03931106697126582,0.0009950344216506108,-0.09941407091827681,0.22720810378532078,1.0207170485955936,60.14969872676152,0.06014969872676153,0.6037994282991901,11254.0,0.14256435678444151,0.5
vidya_14,S5_params,0.009552325232389691,0.05612680239391876,0.06872140779238106,0.17267741171290427,0.25675511545645685,0.07673134459492296,-0.1244905231729998,0.18941994542733914,1.0222602067764288,62.2244038871227,0.06222440388712269,0.9999205971097348,11361.0,0.2865264216858432,0.6666666666666666
hma_55_slope,S1_filter,0.04237949519572992,0.269231189230251,0.050676668267246636,0.8443630978683728,1.2833244892851137,0.4687207693329205,-0.09041522793206724,0.3333333333333333,1.2410901468549904,26.441464546241487,0.026441464546241484,0.6461013180879784,4638.0,0.8688249518121243,0.6666666666666666
hma_55_slope,S2_regime,0.02661187071994564,0.1628342287664153,0.0549928662817638,0.5050634067161228,0.7689506984682932,0.2360651713081521,-0.1127310334365561,0.35798299755444274,1.1085882479432556,47.07102342804463,0.04707102342804465,0.755002382086708,8587.0,0.7565724632524936,0.6666666666666666
hma_55_slope,S3_sizing,0.03402943021117344,0.21192888054287762,0.07361543731581457,0.4913275219411124,0.7443266462783099,0.18456921951759808,-0.1843721845934817,0.3333784515430428,1.1218634691707072,79.42983729336,0.07942983729336,0.9996228362712403,7388.0,0.674207525520986,0.6666666666666666
hma_55_slope,S4_exit,0.040085280995493244,0.2532688287166138,0.04854177178167624,0.8339249048562204,1.2701868963954999,0.38786479301362153,-0.10334859393666462,0.38196771245811756,1.1977247771450548,37.00881721697365,0.03700881721697364,0.6386109787729606,6566.0,0.8513677035913102,0.6666666666666666
hma_55_slope,S5_params,0.04598483546888499,0.29465497304097665,0.0672744626490964,0.7019135286608498,1.0435952130349464,0.47978255386953506,-0.09584515964161011,0.31382793451758967,1.194535388883099,34.42194352465632,0.03442194352465632,0.9999205971097348,5742.0,0.8670495284277635,0.8333333333333334
frama_16,S1_filter,-0.02325776598339524,-0.12643340607082987,0.042897934853271785,-0.5271316085320519,-0.7964484192067645,-0.12075640485424907,-0.19260068243557737,0.2589563581095752,0.9365119277474272,68.61992439876971,0.06861992439876972,0.5320853845746653,13817.0,-0.8610349105149797,0.3333333333333333
frama_16,S2_regime,-0.029062665022198786,-0.1558373770253746,0.04231844416781629,-0.6757950020410772,-1.0428598213248654,-0.11869495039876576,-0.24485173905511814,0.2788870510396975,0.9938449107780924,97.10010406107025,0.09710010406107027,0.5182361971309088,16928.0,-0.7606560724841224,0.3333333333333333
frama_16,S3_sizing,-0.0668936208287203,-0.3281315541027625,0.07456451682399223,-0.8913111891470322,-1.3893394645628803,-0.16031815313771117,-0.41725543564152445,0.23599985501467977,0.9224978013826358,174.28948029019216,0.17428948029019214,0.9999073632946905,27589.0,-0.8453880445310386,0.16666666666666666
frama_16,S4_exit,-0.046454708463837924,-0.23908464103088423,0.05276893021391405,-0.8750793740806898,-1.3395735742945962,-0.14891412773899576,-0.31195635477420824,0.2561655443071846,0.9318673785517387,114.13668749820106,0.11413668749820108,0.7277539569106981,22423.0,-0.8996969885518756,0.16666666666666666
frama_16,S5_params,-0.06330364422205947,-0.3131476760972568,0.06667674428007743,-0.9474765943383053,-1.4383136802657073,-0.1710930004765766,-0.36999552317002016,0.23207060002312227,0.9002591188640484,130.34204302772687,0.13034204302772687,0.9999205971097348,25949.0,-0.9204109139561585,0.16666666666666666
turtle_20_10,S1_filter,0.03503762102321084,0.21873197807908973,0.042684113684187695,0.8281385876690402,1.2394902267278731,0.7521406672616225,-0.04658386728479269,0.3499355946758265,1.372286113540156,15.015857202270313,0.015015857202270316,0.4228865597374411,2329.0,0.9022913767077386,0.8333333333333334
turtle_20_10,S2_regime,0.014026477473337184,0.0832961940457162,0.04670191184898128,0.3215887036756824,0.4844097426999997,0.17566334851930573,-0.0798486285930935,0.39456282145481264,1.080474384754676,29.628399019038028,0.02962839901903803,0.5280424540786618,5444.0,0.5156921208916516,0.8333333333333334
turtle_20_10,S3_sizing,0.04855520690408599,0.3130360790588491,0.0702213231101413,0.710283036003721,1.0624295299593292,0.5406543989204886,-0.08980821574934927,0.3071133770332605,1.267135779953836,41.00190740856809,0.041001907408568086,0.7319093748345773,4119.0,0.8693148115068372,0.8333333333333334
turtle_20_10,S4_exit,0.040366464308944305,0.25521624408468013,0.0379413415478042,1.0619677912568695,1.636282932091182,0.815631097022197,-0.04949108053422557,0.38517707192405987,1.4010160281868493,16.60592936435042,0.01660592936435042,0.36919697210311786,2739.0,0.9331211182250883,1.0
turtle_20_10,S5_params,0.03149508945432289,0.1949659821867551,0.05961815386169964,0.5499254713063918,0.8130771884405816,0.38600203326232735,-0.08159306620263007,0.34275618374558303,1.237786904669192,21.218187490234342,0.021218187490234346,0.7183513313217935,3396.0,0.8414198310976825,0.8333333333333334
mcginley_14,S1_filter,0.002967148082461124,0.017163728694331803,0.045434965484154294,0.08791453232641097,0.13045724846689766,0.026327413656329613,-0.11270184459413335,0.21505254831054357,1.1558304214669075,44.329213915469644,0.044329213915469644,0.602079032343444,8849.0,-0.0851518971127062,0.3333333333333333
mcginley_14,S2_regime,-0.013142492126063221,-0.07317552231396374,0.05266234460925969,-0.22490098576216483,-0.334935584836319,-0.0733681709032567,-0.179130704285826,0.25030052090289834,1.0190858571558647,82.59300361399899,0.08259300361399899,0.7261195807527394,14974.0,-0.5179734018098233,0.3333333333333333
mcginley_14,S3_sizing,-0.02945940047834883,-0.15781676201640904,0.07413905862001796,-0.36628346737507933,-0.5393896897026469,-0.0965539529638051,-0.3051081760411424,0.20743053387449267,0.9544705722634523,121.4293390148545,0.12142933901485453,0.9989346778889417,16015.0,-0.5502257573177431,0.5
mcginley_14,S4_exit,-0.01795873232346079,-0.09885821014540197,0.04766587747684556,-0.35637157260719016,-0.5348335607060593,-0.0970040535797236,-0.18513383369800374,0.24191165607918452,0.9709418192316998,71.64516655877216,0.07164516655877215,0.6225517442168228,13538.0,-0.7318732171093119,0.3333333333333333
mcginley_14,S5_params,0.003627371082360664,0.02101574582163379,0.06108247497710405,0.08981023531110077,0.12980834638902747,0.024457818986409766,-0.14831130626881528,0.1930579964850615,1.1431603045545096,64.2682976080992,0.0642682976080992,0.9999205971097348,11380.0,-0.0770865265516006,0.5
donchian_20,S1_filter,0.021508908141209426,0.13002241550497162,0.04263351537914218,0.5204640726601694,0.767938155314933,0.3390978792455128,-0.0634297925692322,0.3452229299363057,1.235269848543328,11.6315723242353,0.011631572324235303,0.49829283785929807,1570.0,0.8650719645565496,0.8333333333333334
donchian_20,S2_regime,0.011424350388672178,0.06742540168124878,0.05487170186505257,0.2344436455935982,0.3439468667139925,0.12038298855627202,-0.09490003966243088,0.389196675900277,1.044700775137659,28.630187519028397,0.028630187519028398,0.8073090360489121,5054.0,0.2558594732536593,0.8333333333333334
donchian_20,S3_sizing,0.02737896104988624,0.16783391858330754,0.07614212556611855,0.392790354902704,0.5790997709884085,0.21114316691105664,-0.12967012596443406,0.31876768311851617,1.1621770109950544,49.20747721550485,0.04920747721550485,0.9990206976867292,3181.0,0.666299297561096,0.6666666666666666
donchian_20,S4_exit,0.017918627513955565,0.10739845120361013,0.040365118533315036,0.4601574563936973,0.6819092448109821,0.24847459360939622,-0.07211452589041667,0.3707539353769677,1.1626483181182983,15.493787296259732,0.015493787296259732,0.47991768567042503,2414.0,0.7842990360726818,0.5
donchian_20,S5_params,0.02744629967611245,0.16827366007843847,0.06574480693574962,0.4446961094563996,0.6539993669568982,0.29682777717718045,-0.09246540177986573,0.3171741058232338,1.1618067824597147,23.173476844767784,0.02317347684476779,0.9999205971097348,3383.0,0.7291609767165194,0.6666666666666666
t3_20,S1_filter,0.029295203436081385,0.18040109604653365,0.04144446213272431,0.7174132973501373,1.092543779598292,0.3611085307514917,-0.081125758439204,0.2446228850014339,1.2132945106839501,37.426129938358244,0.03742612993835825,0.49837885765708534,6974.0,0.8132494486896278,0.8333333333333334
t3_20,S2_regime,0.017698250480918665,0.1060220361330726,0.05212920368160107,0.3625763589354228,0.5659914341951052,0.15573613503876788,-0.11364254337320612,0.2748587139147701,1.092714185281587,73.81168965769713,0.07381168965769713,0.6706434280874489,13094.0,0.5345656451348548,0.6666666666666666
t3_20,S3_sizing,0.003697009442219734,0.021422746576639895,0.07503895392386119,0.08664419799629379,0.13288219654668332,0.01533955590573184,-0.24101150417518247,0.25231898103281186,1.0351417015087616,125.90574359712062,0.12590574359712062,0.9997154729765497,14446.0,0.09038626721705373,0.5
t3_20,S4_exit,0.006738350228163714,0.039329024210793984,0.054751123749553696,0.15001207602290367,0.22912752280956045,0.04893415373867017,-0.13770239624760772,0.2611901392716169,1.0485067808989403,71.39925773782794,0.07139925773782793,0.7296662431845852,13427.0,0.03845686483695462,0.6666666666666666
t3_20,S5_params,0.023847011791238604,0.1449600603834611,0.06681248763185461,0.38611468057170484,0.5843886590772719,0.22024552040386514,-0.10827467340770536,0.23535573281766176,1.0826766493836193,66.71264492760983,0.06671264492760984,0.9999205971097348,12411.0,0.46165031910385257,0.6666666666666666
keltner_20,S1_filter,0.038684024084233215,0.24360118669100572,0.029437725756835308,1.3040374982554621,1.978892562814638,0.9150789314640285,-0.04227397523221621,0.36685288640595903,1.85079746179905,9.53892610473651,0.009538926104736509,0.19564872161346672,1611.0,0.9337809063435679,1.0
keltner_20,S2_regime,0.01677423972484915,0.10026628807695204,0.030756539466508092,0.5562262328067736,0.8655003677749615,0.258572078848737,-0.06487258717002453,0.4099639855942377,1.1850290104561532,18.095131891669297,0.018095131891669298,0.20464771584352334,3332.0,0.8426202063820833,0.8333333333333334
keltner_20,S3_sizing,0.03929137766915969,0.24778388864347156,0.04869180514579937,0.8158174076262577,1.2340347050951443,0.5514094359491837,-0.07125626641032068,0.3442016806722689,1.313108142941174,26.542587555326847,0.02654258755532685,0.35399131861733096,2975.0,0.8962831593501804,1.0
keltner_20,S4_exit,0.02516004624783319,0.15342001188678434,0.028248852204053067,0.8937516889623343,1.3828882704217087,0.46291466748274646,-0.054351369734403465,0.3926829268292683,1.5008430627037062,11.519000936082955,0.011519000936082956,0.18265311524006142,2050.0,0.8041790586902652,1.0
keltner_20,S5_params,0.028908550153243784,0.17785637810795296,0.03691946678344205,0.7903644574538309,1.1922784646871756,0.5623416591419669,-0.05140744898280003,0.3775476110925493,1.298157419829211,16.32432397095457,0.01632432397095457,0.2771160870255677,2993.0,0.8386125351888901,0.8333333333333334
bollinger_20_2,S1_filter,0.04393411056719154,0.28014281866057344,0.038309301376699294,1.1414942114102418,1.7830487985816927,0.7164385775343557,-0.06132292696799224,0.353938185443669,1.4939457864314851,18.180053247415888,0.01818005324741589,0.31100788735376633,3009.0,0.895751684710389,1.0
bollinger_20_2,S2_regime,0.02055135438067901,0.12395145050579548,0.04020068096205182,0.5261180998709777,0.8205084313749421,0.2769523102655195,-0.07420539067168652,0.3812555260831123,1.1843767742148885,31.449549754247908,0.031449549754247914,0.34703694881160346,5655.0,0.7203094679300697,0.6666666666666666
bollinger_20_2,S3_sizing,0.0416520783103127,0.2641519968500541,0.06383484971051444,0.6711624013096363,1.0183182648684794,0.3969628351988855,-0.10492689646738407,0.29427842565597667,1.266411433435038,47.01115621221547,0.04701115621221547,0.543592186755598,5488.0,0.8281311814451393,0.6666666666666666
bollinger_20_2,S4_exit,0.03182873370625927,0.19718786167269342,0.03747546648681628,0.8548088204815106,1.3430320684145909,0.571511618546544,-0.055692190103160844,0.3782183316168898,1.279390976856924,22.288683337799068,0.022288683337799063,0.3067135143719231,3884.0,0.9124313925853658,1.0
bollinger_20_2,S5_params,0.043980617302474156,0.28047043257698134,0.05666862732762577,0.787837736202724,1.1907043332835145,0.696474503734052,-0.06314749077917159,0.3352659440383161,1.2876745843199147,22.801454391724437,0.022801454391724433,0.5602866444338573,3967.0,0.9278634169146188,1.0
abs_mom_12m,S1_filter,0.018170390686165216,0.10897262653806972,0.0469362141655959,0.4071450475304145,0.5386319913821203,0.1162730245836838,-0.15627348433761312,0.38333333333333336,9.994097155522994,3.5329293069837218,0.003532929306983721,0.4146683605949923,180.0,-0.10473340571516751,0.8333333333333334
abs_mom_12m,S2_regime,-0.004735028001497277,-0.026894376732055192,0.038179430530943116,-0.10521129112070435,-0.13724217132893665,-0.031088234144228215,-0.15230932640078476,0.43364327979712597,1.1648258017994604,6.862962939194524,0.0068629629391945245,0.31295325816526387,1183.0,-0.7042056263553641,0.5
abs_mom_12m,S3_sizing,0.007594505743906854,0.04441624364948149,0.055544939602653366,0.16402255534242519,0.2155910957719316,0.04553952471934168,-0.1667673475011322,0.4010989010989011,3.7403677162739113,16.135649680254357,0.016135649680254355,0.4146220422423376,182.0,-0.31237440208027156,0.6666666666666666
abs_mom_12m,S4_exit,0.00449897432722457,0.026119487964730626,0.01543472517660597,0.29855235393043705,0.39879205738050105,0.10205257942222425,-0.04408486637668285,0.5625,1.8525929087397883,1.2134632411309647,0.0012134632411309647,0.07470488592451432,160.0,0.001717751384081638,0.6666666666666666
abs_mom_12m,S5_params,0.017394024667226393,0.10412424623530514,0.046734555200783186,0.39237816343654486,0.517998840189654,0.11062000422355316,-0.15724122223024528,0.4205607476635514,8.225732699686143,4.235964807972221,0.00423596480797222,0.4186120374781642,321.0,-0.10236163237228345,0.8333333333333334
supertrend_10_3,S1_filter,0.04829301845581613,0.31115131674712626,0.044901853956151316,1.0728131853416554,1.590855776800387,0.7686631734728514,-0.06282728264140236,0.37433439829605963,1.389903148242866,13.382422578104126,0.013382422578104125,0.561252712932084,1878.0,0.9267943963282536,1.0
supertrend_10_3,S2_regime,0.02570304558811287,0.1569336419232057,0.051039283684553204,0.5227348151606601,0.7853040797729695,0.2619830963821943,-0.09810955723118853,0.4141851651326475,1.1360633511470246,31.910085947379567,0.03191008594737957,0.7002408554338043,5541.0,0.5915535389453013,0.8333333333333334
supertrend_10_3,S3_sizing,0.03399683918030316,0.21170948635233433,0.07367916338731618,0.49056165615649033,0.725634557156687,0.2845696850733545,-0.11946753629621398,0.345,1.121627977103061,51.52301712838131,0.0515230171283813,0.9998213434969033,3400.0,0.6892779858462308,0.8333333333333334
supertrend_10_3,S4_exit,0.023771353121248673,0.1444741534365408,0.03979619384505076,0.6102291958304296,0.9038664391678709,0.33667218950408023,-0.07060682130075546,0.4090746695248303,1.2112044365940802,17.677456162212724,0.017677456162212724,0.4784024138478641,2799.0,0.678573364191548,0.8333333333333334
supertrend_10_3,S5_params,0.03554745904732348,0.22218426591530704,0.06774531231024825,0.5494661421216441,0.8138301184953983,0.3986013766042347,-0.089180472356015,0.34821949795680096,1.098580977484598,23.534857256368667,0.02353485725636867,0.9999205971097348,3426.0,0.7678550798763315,0.8333333333333334
tsmom_252,S1_filter,0.002479892562191388,0.014328580668609092,0.040133929476054944,0.08177998719461226,0.11543700737451655,0.018819373614626222,-0.13177338486250367,0.26511852926947266,1.3529727215817324,13.952972840034974,0.013952972840034975,0.5080064581017415,2067.0,-0.3557380542524164,0.6666666666666666
tsmom_252,S2_regime,-0.011491930237469417,-0.06423602158660269,0.053887875052879744,-0.18754375929237901,-0.26208063771486023,-0.054933286868005096,-0.20919793612718784,0.3833391547327978,1.0622764177810928,33.89212128426871,0.03389212128426872,0.7141892964903922,5726.0,-0.7388418136658954,0.3333333333333333
tsmom_252,S3_sizing,-0.018151472439655647,-0.09987363686772643,0.07622131470576918,-0.2022026111939838,-0.2789978047217849,-0.06949817600765873,-0.26117911983266073,0.26145833333333335,1.0252818721107122,57.25004863605971,0.05725004863605971,0.9990008469641629,3840.0,-0.6208869524455475,0.5
tsmom_252,S4_exit,-0.006166429150303632,-0.034905924835065716,0.02741459300744589,-0.21192784244412574,-0.3117992003027624,-0.05921611852982111,-0.10413430166312287,0.33494704992435703,0.8620565576018251,19.490446297741673,0.019490446297741677,0.29760203271399077,3305.0,-0.07753919864603918,0.3333333333333333
tsmom_252,S5_params,0.018622922452238733,0.11180677477071299,0.06529340798046274,0.31524660415700684,0.44234758087053194,0.1044891432782396,-0.17822830073980567,0.3007271874266948,1.3551404935173792,28.973645690991926,0.028973645690991926,0.9994044783230109,4263.0,0.0008893087010539817,0.6666666666666666
psar,S1_filter,0.03250519335088953,0.201703168065124,0.041582293315123094,0.7900555187703326,1.2062890690694659,0.5361008566102633,-0.06063260849165231,0.390118968935889,1.1351585977124037,33.22493179296798,0.03322493179296798,0.5213064422211635,6052.0,0.888668098334704,1.0
psar,S2_regime,-0.0034903054868150596,-0.019883093419371778,0.04629532648384391,-0.05239258736569462,-0.07910454270525974,-0.03091349749062089,-0.11290555162430305,0.39587723316536877,1.0402193049787498,60.83918894591312,0.06083918894591313,0.6191043353978085,10915.0,-0.2350570088321963,0.5
psar,S3_sizing,0.0012916819306316718,0.007442204066513636,0.07637251265376242,0.055049701742526796,0.08294409610175515,0.006990571212628615,-0.18477487623589628,0.3742719254451656,1.0226654145028666,102.73450150139271,0.10273450150139274,0.9999139802022128,12018.0,-0.0024717767635972533,0.5
psar,S4_exit,0.011610924258812494,0.0685569164790647,0.04876523872650359,0.26108703462566324,0.4026603332052649,0.13194632158682332,-0.08799733193905124,0.41074541166820466,1.061639673023432,53.388819239334495,0.05338881923933449,0.6498200201153989,9753.0,0.25461638957243654,0.8333333333333334
psar,S5_params,0.012848298582496254,0.07608632138837446,0.06338970480211915,0.2330618115045563,0.35252654593914884,0.13487250201234133,-0.09526255085948199,0.367084035636889,1.0124611717379026,46.68091984531992,0.04668091984531992,0.9999205971097348,8306.0,0.2696386290724627,0.5
chande_kroll,S1_filter,0.03781225039640557,0.2376177303415843,0.045624270107473004,0.8362976470704069,1.247211176807868,0.41142861759797383,-0.09190476495573696,0.3310475289666588,1.233991762102865,24.03356228892684,0.024033562288926846,0.5716147901116935,4229.0,0.832677926239414,0.8333333333333334
chande_kroll,S2_regime,0.03063545469619311,0.18925699411644747,0.05201662452602355,0.6061067328427446,0.9223209636640296,0.33393084207236867,-0.09174191430198553,0.35751948647409443,1.1193422243576454,48.00209442198293,0.04800209442198292,0.7046344820284792,8724.0,0.7247994856072489,0.6666666666666666
chande_kroll,S3_sizing,0.049906601636421355,0.3227862137983628,0.07626147592329874,0.6767013064958874,1.0245541429423073,0.3338118227024969,-0.1495051949699805,0.35165988715391683,1.1349064763460361,82.72709289563596,0.08272709289563597,0.9993184585252236,7621.0,0.8032973298127243,0.6666666666666666
chande_kroll,S4_exit,0.04794401358562794,0.30864593498593784,0.045280544745912706,1.056853737050817,1.6363725266690736,0.6021888791426744,-0.07961623876861523,0.39544447959506485,1.202763225625767,35.65506323771435,0.03565506323771435,0.5806865703244931,6322.0,0.9168428210718342,0.8333333333333334
chande_kroll,S5_params,0.0439683470228609,0.2803839886017834,0.0658358165663745,0.6864870443487023,1.0193326001410388,0.5135603716015661,-0.08561475817486308,0.3244616009752133,1.1965352382728152,29.166694750157426,0.029166694750157422,0.9999205971097348,4922.0,0.8703590826797227,1.0
chandelier_22_3,S1_filter,0.04497142995361658,0.28746662368526366,0.057840307627368595,0.7894342761427975,1.2142751351722567,0.47134276311933937,-0.09541130886575266,0.32950591510090466,1.1032872199664303,33.63905696537375,0.03363905696537374,0.7762095706950398,5748.0,0.9115643072737208,0.8333333333333334
chandelier_22_3,S2_regime,0.018452597045400587,0.11073934744996028,0.04764904267481557,0.407535631986952,0.6276669251269,0.1709638440709367,-0.10793274534552577,0.37160633484162897,1.0975355825696393,49.67181242681728,0.04967181242681727,0.6372081943782755,8840.0,0.6443320227329563,0.8333333333333334
chandelier_22_3,S3_sizing,0.005521853300092472,0.03213589225909308,0.07809417905306654,0.1095040836100079,0.1672790499268349,0.03455299255830662,-0.15980825078391092,0.3200767486481772,0.9852848357351931,89.29316753765775,0.08929316753765774,0.9994441797681436,11466.0,0.13556084376027472,0.5
chandelier_22_3,S4_exit,-0.0019045490458996506,-0.010890446467178738,0.04618410976978028,-0.01820237595685655,-0.027461851026599374,-0.01965060480086307,-0.09692063247926097,0.3542358803986711,0.9515429493859685,47.335933230965296,0.0473359332309653,0.607676936107141,9632.0,0.00033480419572426494,0.3333333333333333
chandelier_22_3,S5_params,0.006598925495167274,0.03850251279232175,0.06672406168533804,0.13190472865351005,0.1990120641364736,0.05771209914556299,-0.11434214996275371,0.3179814698209949,0.9494593795944309,54.986396911627054,0.054986396911627045,0.9999205971097348,11117.0,0.20122660360428823,0.5
tsmom_multi,S1_filter,0.018739963257497827,0.11254075911635897,0.033339808012982926,0.5735559266166204,0.8384290440802435,0.3099253087457041,-0.06046606304383517,0.23505903723887375,1.584045594409103,26.255174244441854,0.026255174244441862,0.5477608384945212,5505.0,0.5012880250274887,0.5
tsmom_multi,S2_regime,-0.007316289788002472,-0.04130216352247118,0.042412935633264946,-0.15193836311574366,-0.2237510543797461,-0.04519209241461789,-0.16189314096985552,0.28497104976084586,1.0367872461043495,49.458253274087106,0.04945825327408711,0.7487229368482345,11917.0,-0.4771514132704799,0.3333333333333333
tsmom_multi,S3_sizing,-0.004024683669238249,-0.02289823653828882,0.057483045292289675,-0.04142993379682239,-0.060222329974300964,-0.02137834318514029,-0.18825984943658947,0.22655601659751037,1.0788528759800509,68.24989241489158,0.06824989241489157,0.9983060716743424,10845.0,-0.4732830390521317,0.5
tsmom_multi,S4_exit,0.006314226669897449,0.03681650076166654,0.03248653075001486,0.20998475675537,0.3170892824740162,0.1027498315114332,-0.06145242845673038,0.2679320469798658,1.0435202219993522,35.07155450144696,0.035071554501446965,0.5713170292731989,9536.0,0.008881065111717115,0.6666666666666666
tsmom_multi,S5_params,0.0198544847481803,0.11955019993573157,0.052783730547248435,0.3988458758197318,0.5800567662286592,0.15695006244110826,-0.12650192321924192,0.2457002457002457,1.3708308577844615,39.14246971082568,0.03914246971082568,0.9988023397384997,8547.0,0.0002938773087205181,0.6666666666666666
linreg_63,S1_filter,0.013778062740621655,0.0817727090902638,0.05281824929263472,0.28547984301777996,0.4100544409243478,0.1663778365376058,-0.08281188785326854,0.32304038004750596,1.28156359806071,13.298654106354174,0.013298654106354174,0.6770155100312317,1684.0,0.279603369959842,0.3333333333333333
linreg_63,S2_regime,0.010133464776554746,0.0596236437954738,0.05657857044267972,0.2064853111789833,0.2963941949802597,0.07070709552055573,-0.14331609440255932,0.41200733272227313,1.0810544045069816,25.674931475460234,0.025674931475460232,0.7777116087025567,4364.0,0.10332066254401773,0.6666666666666666
linreg_63,S3_sizing,-0.00195385703412454,-0.0111710893106155,0.07048938051907987,0.007501096469792121,0.01052377165030293,-0.009409637654833424,-0.2076442373018378,0.3368836291913215,1.0822755829539683,49.630595677362855,0.049630595677362874,0.9994904981207983,2535.0,-0.3219555595144446,0.5
linreg_63,S4_exit,0.012748899062058117,0.07547986278753216,0.035636596472623565,0.3733006894743459,0.5341778763673519,0.1458654534624442,-0.08740177169737151,0.4445983379501385,1.2290890602406395,13.753149235715924,0.013753149235715929,0.4239055634958445,2166.0,0.32185447608654266,0.5
linreg_63,S5_params,0.017627886189552466,0.10558285759914332,0.063933427859986,0.305278709948104,0.4369893171316256,0.16524287335138538,-0.10667864720596543,0.3380084151472651,1.2470879773746304,21.287460125782292,0.021287460125782295,0.9999205971097348,2852.0,0.18248373258881193,0.6666666666666666
macd_12_26_9,S1_filter,0.01313230053578418,0.07782063707539844,0.044263220419817444,0.31686542244544647,0.4866893459502816,0.14086293181886023,-0.09322751107204974,0.33565375302663436,1.0270628919330202,35.075975865802704,0.03507597586580271,0.5370083637711079,6608.0,0.6585767150611209,0.6666666666666666
macd_12_26_9,S2_regime,-0.005310942840633048,-0.03012434839049427,0.05092457903789026,-0.07912705429641494,-0.11979374600926761,-0.050636625044072604,-0.10488342846725196,0.3610282505702755,1.034912861090356,63.44514295190077,0.06344514295190078,0.6674606955693188,11398.0,-0.05766478308130432,0.3333333333333333
macd_12_26_9,S3_sizing,-0.015134148922455237,-0.08386838630781479,0.07505166059337519,-0.1657165359411192,-0.25259656081769366,-0.08137199925832699,-0.18598718306538997,0.340076910215683,0.9909345196920517,100.27422938914738,0.10027422938914735,0.9996426869938065,11962.0,-0.07017867184754985,0.5
macd_12_26_9,S4_exit,-0.007798028323804718,-0.043971464802394,0.04628234457691213,-0.14602433102282153,-0.21951100075442437,-0.068470506355004,-0.11388886600858061,0.37265577737447064,1.0106015223442693,52.27951990400911,0.052279519904009114,0.6020988830660102,9918.0,0.019894825946564124,0.5
macd_12_26_9,S5_params,0.03865400846919642,0.24339477684348476,0.06373465916458086,0.6268961794152718,0.9588629293538871,0.38283827320491365,-0.10096693871698381,0.34197993717701897,1.1111027913091684,51.004749490583144,0.051004749490583146,0.9999205971097348,9869.0,0.8321662986038946,0.6666666666666666
trix_15,S1_filter,0.025564202397445834,0.1560343779276281,0.04333803376378523,0.6041229533104107,0.9046589733051459,0.2724200330026766,-0.09384112510255316,0.39353372063652436,1.1921776190980493,23.732904103101745,0.02373290410310174,0.5417857710020645,3959.0,0.7966130584446167,0.8333333333333334
trix_15,S2_regime,0.0051280600606204985,0.02981622627356506,0.04991833205622549,0.1274124203882134,0.18800638685686114,0.04261575938122826,-0.12033248110743155,0.4191836218880324,1.0869140291745172,44.804857198731284,0.04480485719873128,0.6563442909321899,7913.0,0.16701693017874225,0.5
trix_15,S3_sizing,-0.013559352282338955,-0.07542205921353573,0.07115256183245197,-0.15633313112241204,-0.23018967348482808,-0.05301716580533078,-0.25575400111213764,0.40744873762030964,1.0320817907246504,79.33742779581732,0.07933742779581732,0.9999007463871685,7169.0,-0.007049069954727771,0.3333333333333333
trix_15,S4_exit,-3.491149053103104e-05,-0.00020051537856047297,0.04789161683157485,0.023209344920138226,0.03368406205658203,-0.0003187525822321207,-0.10952535752512882,0.4465870829507193,1.0718130260141738,36.340840514907946,0.036340840514907956,0.6418731141813562,6534.0,0.0011423644927803585,0.5
trix_15,S5_params,0.029276403390469774,0.18027726059224203,0.061982085666860476,0.4965304975296719,0.7348143692018574,0.3187474558791239,-0.0918482731406397,0.3887890178133682,1.123795192739546,35.56287318238191,0.03556287318238191,0.9999205971097348,6119.0,0.5899996422733353,0.8333333333333334
adx_dmi_14,S1_filter,0.015462229874460665,0.09213617725515122,0.038615350123426255,0.4166461811319935,0.629089710262387,0.3582085555181272,-0.04316543989881949,0.31370523415977963,1.1725351108290079,16.55970898458878,0.01655970898458878,0.3304880630988301,2904.0,0.7950433242719962,0.8333333333333334
adx_dmi_14,S2_regime,-0.00034641135498347797,-0.0019881563330735874,0.03038600119475439,0.0037792280211301522,0.005714488763788301,-0.0039523253016023555,-0.08764748054595495,0.36768558951965064,1.058699502022342,25.587030719969537,0.025587030719969536,0.23922767455402041,4580.0,0.0005567153591539128,0.5
adx_dmi_14,S3_sizing,0.010656771469647719,0.06278066953525308,0.05469360328911071,0.22114828824253718,0.3236476375344074,0.1405078257435896,-0.07584468276589151,0.3072038102798174,1.1036453685013474,39.11715931570688,0.039117159315706876,0.48548912180403364,5039.0,0.44880893933886173,0.6666666666666666
adx_dmi_14,S4_exit,0.008275206254111378,0.04847558085293824,0.03805450140881275,0.23557149244808243,0.35767449430379555,0.15780537311685228,-0.052439318704209925,0.34236569274269557,1.0242181820572112,22.669784979813247,0.022669784979813246,0.32736488274839876,4244.0,0.6941923988967309,0.5
adx_dmi_14,S5_params,0.01767350636693643,0.10586757939035563,0.03736666925551214,0.4875226816678361,0.7148653882103728,0.3577216730131502,-0.04940574670265152,0.3374327440430438,1.2620293106293499,20.055935194642352,0.020055935194642355,0.35082843682176695,3903.0,0.6488948635964176,0.8333333333333334
kst,S1_filter,0.01685757763082396,0.10078439041167786,0.04533596600489332,0.3913898277138268,0.5859862613221702,0.15995257819890943,-0.10539109666529212,0.3985690235690236,1.0791475449607084,26.207390509669803,0.026207390509669807,0.5732491662696522,4752.0,0.7355762862123214,0.6666666666666666
kst,S2_regime,-0.0015245060020985246,-0.008725173645866113,0.049767021580387656,-0.0057880465817405176,-0.00858036294969305,-0.011095177659250857,-0.13740257694994484,0.41377721460661215,1.0581320784560042,48.58731041124664,0.04858731041124664,0.6531284738764491,8681.0,0.19371003496062192,0.5
kst,S3_sizing,-0.027327929028486575,-0.1471372759874795,0.0727550497157762,-0.34450791171782696,-0.5090300381247009,-0.10960861404115414,-0.24932282254956628,0.4177536231884058,0.9890305200273943,84.21511516891363,0.08421511516891364,0.9997419406066381,8280.0,0.0017128795882985419,0.5
kst,S4_exit,-0.01129656134589263,-0.06317319997382176,0.04880963807839211,-0.208369952049293,-0.3069752924322103,-0.08812565284584219,-0.1281869805339616,0.4313976658126957,1.0361057757427254,39.25050442786135,0.039250504427861356,0.6352429728442115,7026.0,0.006347701588778283,0.5
kst,S5_params,0.03939803074821646,0.2485195813020269,0.06770330812962179,0.604580464514888,0.9078062683815646,0.3725112729140001,-0.10576332479825945,0.3642352185089974,1.1042608216975154,35.57221429123674,0.03557221429123674,0.9999205971097348,6224.0,0.8573599810641043,0.6666666666666666
tsi_25_13,S1_filter,0.02831598140947178,0.1739652431023193,0.04135443077000697,0.6958633875683288,1.0763494311537556,0.5201569863657308,-0.05443737593012421,0.35072418626382185,1.1231055995564252,34.80831201380401,0.034808312013804014,0.4706010798793076,6421.0,0.8368150396688467,1.0
tsi_25_13,S2_regime,0.005234258752601084,0.030441372484398377,0.04589430177514149,0.13668088607868956,0.20916734226664482,0.06211268088279062,-0.08427037246191904,0.36630992778212823,1.0590341298479589,64.6829532944275,0.06468295329442751,0.5828635328992642,11493.0,0.10456933700716359,0.5
tsi_25_13,S3_sizing,0.0011159390848587414,0.006426957241035591,0.07640052312393865,0.05274722098726027,0.0812035231783756,0.007467488774186431,-0.14943967357759047,0.3438155136268344,1.032581161778893,110.35155674294847,0.11035155674294847,0.9996757715314172,12879.0,0.125205934632942,0.5
tsi_25_13,S4_exit,0.021876444786796068,0.13235980700409522,0.04951692160431933,0.46177147893960635,0.7145048819031585,0.27397593151215843,-0.07984805331641054,0.36915932139133734,1.1088541237856466,56.849935159618695,0.05684993515961869,0.6220290085225768,10551.0,0.6505117161007936,0.8333333333333334
tsi_25_13,S5_params,-0.0044528217386189395,-0.025308405620859342,0.06207658227273581,-0.04088326286264426,-0.06245867793904905,-0.026382947434440765,-0.16877650799569677,0.3248528574140877,0.9934182419408311,83.55907260118855,0.08355907260118856,0.9999205971097348,15801.0,-0.18716806429578248,0.6666666666666666
cci_20_100,S1_filter,0.045027342779869306,0.28786236681756683,0.04966252392588025,0.9116653367417407,1.386649076091431,0.760694807803353,-0.05919238874509225,0.34507445589919816,1.255997206770225,21.852307614953574,0.021852307614953576,0.6275541263035308,3492.0,0.9045711888335713,1.0
cci_20_100,S2_regime,0.021922027407917266,0.132649973030873,0.05282480897943908,0.43690652447456396,0.6589424435876086,0.25297696385676177,-0.08665621989332495,0.36962462246512295,1.1166906728989354,39.57148508815072,0.039571485088150726,0.6998835424276111,6953.0,0.5397113424644058,0.6666666666666666
cci_20_100,S3_sizing,0.027131268789303054,0.16621758961494248,0.07667992238517385,0.3874049112763878,0.5805756870235779,0.17939875724150794,-0.15123442997310588,0.31629055007052187,1.1339797228997708,65.99114647375782,0.06599114647375783,0.9995897517336296,5672.0,0.5004290687622864,0.6666666666666666
cci_20_100,S4_exit,0.020170295530339333,0.12154301307981186,0.04561038106373955,0.4606195562555947,0.692481735114184,0.2595374510652279,-0.07771631973556703,0.37516718680338834,1.1394363440362592,26.971019247654485,0.026971019247654486,0.5664205177068445,4486.0,0.5714197868056105,0.6666666666666666
cci_20_100,S5_params,0.05003655814699037,0.32372697588420074,0.06670691015969098,0.765273764175916,1.134323255485335,0.5907285298986791,-0.08470313454400547,0.3374113041350624,1.2783260707998123,26.931560511725095,0.026931560511725093,0.9999205971097348,4087.0,0.8519142115163489,0.8333333333333334
aroon_25,S1_filter,0.010270002251257182,0.06044660478823327,0.04768281656137924,0.238109006486347,0.3522592814054274,0.09608266111244798,-0.10688715458492493,0.35620743844944996,1.2061195622414183,23.91820770907261,0.023918207709072613,0.5921272034302049,3818.0,0.03218808596523615,0.5
aroon_25,S2_regime,0.0010589352627687898,0.006097834066471464,0.05447894100052894,0.046650896768158985,0.06855247334432904,0.006753198497599193,-0.1568049959060508,0.3903145150677721,1.043904669871185,42.54202256165535,0.04254202256165536,0.7414046371287915,7599.0,0.0005102302780008403,0.6666666666666666
aroon_25,S3_sizing,0.00201189372709365,0.011611627693632887,0.0753405732501247,0.06430673558293222,0.09528185845304243,0.01074402902294545,-0.18725691477535622,0.327956171054634,1.0689997430166256,65.98010501069403,0.06598010501069403,0.9962151288973585,6571.0,0.0571427884190267,0.6666666666666666
aroon_25,S4_exit,0.01500181736335815,0.08929493453213366,0.04652117166077233,0.34331966982290496,0.519086390204975,0.1620477891597186,-0.09257650129723127,0.40637898686679175,1.1488344375617703,30.464682013637063,0.030464682013637064,0.5817518924355514,5330.0,0.45755368583565675,0.5
aroon_25,S5_params,0.03417523871455308,0.21291082655188798,0.06525431103766621,0.5475891848653048,0.7992698879446769,0.31880850128427046,-0.10719676099251885,0.3681668920224068,1.1929377579338838,32.36965774477522,0.032369657744775224,0.9982134349690329,5177.0,0.5096768837440225,0.8333333333333334
elder_impulse,S1_filter,-0.017912652946640795,-0.09861530675025132,0.035022274687479406,-0.49860403188597874,-0.7812193035837334,-0.10028098105247092,-0.17862462810638235,0.33626187687101394,1.058049946075538,75.37156903031288,0.07537156903031289,0.3163477317241014,15366.0,-0.7910817409581348,0.3333333333333333
elder_impulse,S2_regime,-0.05132757842668678,-0.26115109102355627,0.04152848652526331,-1.2480517012770385,-1.9365576305230543,-0.16068306939989815,-0.31943364424378684,0.31851510260548765,0.9948907031258469,120.3556459319831,0.12035564593198313,0.38775739770260975,21685.0,-0.8870535797366466,0.16666666666666666
elder_impulse,S3_sizing,-0.09232602146733682,-0.4267437484930857,0.06338340959978175,-1.4966458207951492,-2.2884945027790176,-0.19162828093091633,-0.48179747278858676,0.2912308683250008,0.9708996013600022,180.0224732250196,0.18002247322501969,0.6170133926208248,32603.0,-0.9635090015994329,0.16666666666666666
elder_impulse,S4_exit,-0.06841604363083242,-0.33440379952163934,0.044298410885181355,-1.5776527896674901,-2.372211057032626,-0.1820454712728452,-0.3758184323535968,0.31562083888149134,0.9510788094219713,119.88838020953716,0.11988838020953717,0.4417513630829495,24032.0,-0.9649864606228984,0.16666666666666666
elder_impulse,S5_params,-0.05940527187494127,-0.29656511852649425,0.05656327253365928,-1.0544748811431324,-1.6400117716500031,-0.16879761904280685,-0.3519319301528546,0.30025445292620867,0.9638836724592252,134.1842779594551,0.1341842779594551,0.5820231856439574,27117.0,-0.9459514371207317,0.16666666666666666
ichimoku,S1_filter,0.03745528272770016,0.23517453862266446,0.04461141030768695,0.8465488123872729,1.266617978066767,0.6258784353412689,-0.059844341349254426,0.30330396475770927,1.2769763830752865,26.08210473340137,0.026082104733401373,0.43692102059181626,4540.0,0.9359258181080756,0.8333333333333334
ichimoku,S2_regime,0.022533436417518704,0.13654796918080248,0.04691101879499373,0.4984541413709148,0.7528190784336332,0.22385060103754492,-0.1006628363429738,0.3307147456535737,1.1456579083644913,42.315435032766395,0.0423154350327664,0.48436424752527657,7765.0,0.7608375373958968,0.8333333333333334
ichimoku,S3_sizing,0.03446646605378989,0.21487406132415976,0.06511391698639049,0.55292835692674,0.8326863999650987,0.3301962355172919,-0.1043817655879512,0.28401876897598677,1.2045340434421532,60.52867204587393,0.06052867204587394,0.6508324069662803,7246.0,0.8148515076359713,0.8333333333333334
ichimoku,S4_exit,0.01914339330504533,0.11507381077312151,0.03880261598693868,0.5080793485586285,0.7698706314867413,0.35122057696209874,-0.054505329586971074,0.3199195171026157,1.1389941689516472,30.87134509020104,0.03087134509020104,0.3830527764543963,5467.0,0.7721822342256581,0.8333333333333334
ichimoku,S5_params,0.023776727613204374,0.14450866471917712,0.05875384998781747,0.42931355072869964,0.6279540013748458,0.33004554176855894,-0.07204074772771074,0.2810172570390554,1.231139936730941,32.345208938719686,0.032345208938719686,0.6663358212905616,5505.0,0.6216283884853885,0.8333333333333334
vortex_14,S1_filter,0.02039040551899185,0.12293367171479086,0.05006113776640191,0.4282187722120527,0.6609823703730722,0.21632153229497159,-0.09425971285737711,0.3387217110171599,1.084516392345023,41.98766730129623,0.04198766730129623,0.6059102217987402,8042.0,0.8029702430513067,0.8333333333333334
vortex_14,S2_regime,-0.007686543471764784,-0.04335427656590707,0.04864638362898575,-0.13431371306068154,-0.20322552902279592,-0.045613704346196826,-0.16851390567680724,0.3472355503063409,1.0552956736817372,76.54027411646726,0.07654027411646726,0.6231009475411572,13547.0,-0.2735144443388933,0.5
vortex_14,S3_sizing,-0.025592202820462817,-0.13835822315173174,0.0759871363741442,-0.3032326826820999,-0.45371051235681986,-0.09881285086802367,-0.25899670534396635,0.329314480494887,0.9836603661311711,130.87874860153363,0.13087874860153365,0.998947911703986,15842.0,-0.6286273200751755,0.3333333333333333
vortex_14,S4_exit,-0.01621921215293931,-0.08965089403097803,0.05386531658445318,-0.2766605327763817,-0.41264927772929355,-0.08208950389215722,-0.1975796098639705,0.34404292894987093,1.004216293936569,77.50353331338519,0.07750353331338519,0.7555515854110424,14722.0,-0.5213053026859854,0.5
vortex_14,S5_params,-0.003542971060239486,-0.020180591375067558,0.06767000880317332,-0.018637800177945866,-0.0275939654887472,-0.02221913099445437,-0.15945587886059853,0.3045635727649882,1.0301656227600142,67.53504980930792,0.06753504980930791,0.999344926155312,12293.0,-0.18524836922102592,0.3333333333333333
heikin_ashi_3,S1_filter,0.0007625846446455142,0.004388225412341962,0.03985419710065426,0.039043374869900165,0.05830655613479122,0.008413215707238108,-0.09064128047845521,0.3493159782175588,1.0426134707313655,39.379589840051615,0.03937958984005162,0.48434439680271024,7529.0,-2.9597588710965914e-06,0.3333333333333333
heikin_ashi_3,S2_regime,-0.020716097350173213,-0.11329534395820395,0.045610560528594954,-0.43617359121602167,-0.6505383860985714,-0.11895129245336133,-0.17415613502724758,0.3689788815945583,1.0040321094756306,70.35266522928863,0.07035266522928864,0.5949129214970093,12643.0,-0.7256841085546878,0.16666666666666666
heikin_ashi_3,S3_sizing,-0.04063600036018722,-0.21202479400489482,0.07596180555867948,-0.5081935381381675,-0.7681797270548281,-0.1366560718742515,-0.297359640174494,0.33725992317541614,0.9441416464121878,122.28682216741308,0.12228682216741309,0.9998478111269917,15620.0,-0.6122313397249798,0.0
heikin_ashi_3,S4_exit,-0.015428474978417595,-0.08543989543524544,0.046741790203849845,-0.3092961907846296,-0.46457385751378066,-0.10774635507420217,-0.14319254667865466,0.37881625010176667,0.9934526633448653,64.45730868564446,0.06445730868564446,0.6200240855433804,12283.0,-0.42669287225049646,0.3333333333333333
heikin_ashi_3,S5_params,-0.010735764324900088,-0.060116881937365974,0.060326179476479246,-0.14878342414697662,-0.2194451243898786,-0.0637605423021432,-0.16837630197726883,0.3400239266250166,0.9760865318760886,42.087538463764005,0.042087538463764,0.9999205971097348,7523.0,-0.3391555581300101,0.16666666666666666
