backtest,ml_stage,mean_dSharpe,share_improved,mean_ml_sharpe,sig_pos,sig_neg,mean_base_sharpe
next_open|cost1|vol_target0.1 (benchmark),S1_filter,0.3476656439773036,0.8205128205128205,0.5136711078823575,15,0,0.16600546390505383
next_open|cost1|vol_target0.1 (benchmark),S2_regime,-0.07477923512160554,0.28205128205128205,0.09122622878344834,3,3,0.16600546390505383
next_open|cost1|vol_target0.1 (benchmark),S3_sizing,-0.08986848709624201,0.41025641025641024,0.07613697680881185,0,6,0.16600546390505383
next_open|cost1|vol_target0.1 (benchmark),S4_exit,0.05054435924826084,0.6153846153846154,0.21654982315331472,2,0,0.16600546390505383
next_open|cost1|vol_target0.1 (benchmark),S5_params,0.1771047597059419,0.6410256410256411,0.34311022361099575,5,0,0.16600546390505383
next_close|cost1|vol_target0.1,S1_filter,0.2876162902944649,0.8461538461538461,0.32530408196676214,11,0,0.03768779167229726
next_close|cost1|vol_target0.1,S2_regime,-0.17158450711900466,0.1282051282051282,-0.1338967154467074,1,4,0.03768779167229726
next_close|cost1|vol_target0.1,S3_sizing,-0.11609592929492746,0.358974358974359,-0.07840813762263021,0,7,0.03768779167229726
next_close|cost1|vol_target0.1,S4_exit,0.03397497655544956,0.6153846153846154,0.07166276822774682,2,0,0.03768779167229726
next_close|cost1|vol_target0.1,S5_params,0.19391922416131666,0.7692307692307693,0.23160701583361393,6,0,0.03768779167229726
next_open|cost0|vol_target0.1,S1_filter,0.19579069066771138,0.7435897435897436,1.1425559588717604,8,0,0.9467652682040489
next_open|cost0|vol_target0.1,S2_regime,0.1785666658977997,0.7435897435897436,1.1253319341018486,7,2,0.9467652682040489
next_open|cost0|vol_target0.1,S3_sizing,0.23891601139258228,0.8461538461538461,1.1856812795966314,14,0,0.9467652682040489
next_open|cost0|vol_target0.1,S4_exit,0.1657912918091993,0.7948717948717948,1.1125565600132483,5,0,0.9467652682040489
next_open|cost0|vol_target0.1,S5_params,0.07039583845519076,0.6410256410256411,1.0171611066592399,1,0,0.9467652682040489
next_open|cost1|unit,S1_filter,0.3698467543311827,0.8717948717948718,0.4525998625206901,15,0,0.08275310818950744
next_open|cost1|unit,S2_regime,0.13379621682567186,0.6410256410256411,0.21654932501517932,5,2,0.08275310818950744
next_open|cost1|unit,S3_sizing,0.06283021851330005,0.6410256410256411,0.1455833267028075,2,2,0.08275310818950744
next_open|cost1|unit,S4_exit,0.13289305203847582,0.6666666666666666,0.21564616022798325,6,1,0.08275310818950744
next_open|cost1|unit,S5_params,0.20150807082304265,0.7692307692307693,0.2842611790125501,4,0,0.08275310818950744
next_open|cost3|vol_target0.1,S1_filter,0.6478252522836097,0.8461538461538461,-0.7408008952266157,25,0,-1.3886261475102255
next_open|cost3|vol_target0.1,S2_regime,-0.5750558490921125,0.07692307692307693,-1.963681996602338,0,33,-1.3886261475102255
next_open|cost3|vol_target0.1,S3_sizing,-0.7439111685321852,0.02564102564102564,-2.1325373160424106,0,30,-1.3886261475102255
next_open|cost3|vol_target0.1,S4_exit,-0.1764664807294733,0.3076923076923077,-1.5650926282396986,1,6,-1.3886261475102255
next_open|cost3|vol_target0.1,S5_params,0.3875333092402244,0.6923076923076923,-1.0010928382700008,13,2,-1.3886261475102255
same_close|cost1|vol_target0.1,S1_filter,0.3427355247241067,0.8205128205128205,0.5312791447356223,15,0,0.1885436200115157
same_close|cost1|vol_target0.1,S2_regime,-0.0873381686829287,0.28205128205128205,0.101205451328587,2,3,0.1885436200115157
same_close|cost1|vol_target0.1,S3_sizing,-0.0999660461422073,0.3076923076923077,0.0885775738693084,0,6,0.1885436200115157
same_close|cost1|vol_target0.1,S4_exit,0.04646178138688901,0.6153846153846154,0.23500540139840473,1,0,0.1885436200115157
same_close|cost1|vol_target0.1,S5_params,0.17335728733588865,0.6410256410256411,0.3619009073474043,3,0,0.1885436200115157
