strategy,strategy_family,cagr,total_return,ann_vol,sharpe,sortino,calmar,max_drawdown,win_rate_trades,profit_factor_trades,turnover,cost_drag,exposure,n_trades,stability_r2,pct_pos_years
dema_20_50,ma_crossover,0.058949373318626375,0.3895795300419118,0.06991777686069581,0.8541518534008447,1.2819832269918539,0.5308175268501324,-0.1110539315994925,0.3374897792313982,1.2443953334269444,30.854496035889184,0.030854496035889183,0.9999205971097348,4892.0,0.8875736988848344,0.8333333333333334
bll_vma_200,price_vs_ma,0.05582393704263744,0.36618608153291565,0.06991083396619627,0.8119624578003483,1.182014382749097,0.7554835827349956,-0.0738916613390116,0.19499568593615185,1.4896083154718756,17.043249057126484,0.017043249057126484,0.9999205971097348,2318.0,0.887356264501775,1.0
chande_kroll,volatility_stop,0.047293632212083825,0.30398762783432365,0.06861380734065564,0.7077562976713889,1.0697545064677856,0.3996548841807246,-0.1183361797492698,0.3178947368421053,1.1333239680474854,44.034465361630005,0.044034465361630006,0.9999205971097348,7600.0,0.8351450921768788,0.6666666666666666
keltner_20,breakout,0.03216338350846204,0.19941986393674083,0.04648031718665617,0.7043041436744653,1.073098396281406,0.543821446395995,-0.05914327895969296,0.34253028263795426,1.2554623028553202,16.788151238549876,0.016788151238549875,0.35408395532264036,2972.0,0.9159114965785697,0.8333333333333334
hma_55_slope,adaptive_ma,0.04612209771724918,0.2956311537218952,0.06910401082578412,0.6870243597089777,1.037861095266413,0.3470822793353134,-0.13288519888015082,0.31734417344173443,1.1408802408599268,42.863447447890074,0.04286344744789008,0.9999205971097348,7380.0,0.8328626370902888,0.6666666666666666
sma_50_200,ma_crossover,0.04362886870678939,0.2779942784734768,0.06784338651780514,0.6633758986194246,0.9401167228983565,0.49606931254112097,-0.08794913856553632,0.32548179871520344,2.0129872802811857,11.6084557406617,0.0116084557406617,0.9999139802022128,934.0,0.696642363787327,0.8333333333333334
gmma,ma_crossover,0.039668418164879427,0.2503863185349984,0.06494861383528586,0.631422814786403,0.9372627035027167,0.41416874661393704,-0.0957783958572227,0.272743331566861,1.2441764860506845,33.07858534928969,0.03307858534928969,0.7619633687999577,5661.0,0.7862470980396935,0.6666666666666666
ichimoku,directional,0.03612084688499251,0.22607651688232022,0.060401328900877474,0.6176505561384894,0.9247665488478094,0.39150905219611115,-0.09226056634547286,0.28405797101449276,1.1874860418993318,39.991642146907765,0.039991642146907765,0.6512095706950398,7245.0,0.8757786541873893,0.6666666666666666
faber_10m,price_vs_ma,0.031869391356056154,0.1974588513880522,0.05396022730815997,0.6084059357356022,0.8063481108488325,0.3021008357432225,-0.10549256269898,0.4647887323943662,12.810771006281504,3.7143815363139945,0.003714381536313995,0.5033547721137048,71.0,0.397896688503348,0.6666666666666666
supertrend_10_3,volatility_stop,0.03610634049669614,0.22597791906585107,0.06770793356592646,0.5577010293238058,0.8261521095664446,0.40140821145401734,-0.08994918256880813,0.3488372093023256,1.1150708388995796,23.453874463729807,0.023453874463729808,0.9999205971097348,3397.0,0.7894840592625425,0.8333333333333334
cci_20_100,oscillator_trend,0.036771264024074046,0.23050404259512502,0.06912268280332774,0.5569608216923652,0.8359488803030496,0.3253347661743994,-0.11302592851193283,0.3272663014666902,1.1470693166208341,34.59466346497361,0.0345946634649736,0.9999205971097348,5659.0,0.790018355110194,0.6666666666666666
bollinger_20_2,breakout,0.029967137110382236,0.18483415839085526,0.05663662428945397,0.549631085894928,0.84111507879611,0.3542670403022219,-0.08458911979171857,0.3313264002919175,1.1456551217104014,30.706106736911718,0.030706106736911716,0.5437509925361284,5481.0,0.8188783660134629,0.6666666666666666
ema_12_26,ma_crossover,0.03439588092169221,0.2143979888810743,0.0700172685305123,0.5179806052132699,0.7655952749265181,0.31138596611662106,-0.11046060087630982,0.2677752293577982,1.1622524605302198,32.37626538791232,0.03237626538791232,0.9999205971097348,5232.0,0.7490028792546959,0.6666666666666666
donchian_20,breakout,0.03063919472002996,0.18928178340161161,0.06698024889948613,0.48404037145092627,0.7148135932483926,0.33441100677555036,-0.09162137040720775,0.33512999365884594,1.1660976368856586,22.08228154435586,0.022082281544355865,0.9999205971097348,3154.0,0.7595840446128816,0.8333333333333334
linreg_63,time_series_momentum,0.030656743186765256,0.1893981022485587,0.06886040497284016,0.4729399430847666,0.6772431944514054,0.3049067652663461,-0.10054464734485502,0.3250099088386841,1.3089852285040815,19.593270633816246,0.019593270633816245,0.9999205971097348,2523.0,0.4072813807864551,0.5
turtle_20_10,breakout,0.027015684139599205,0.16546396836842026,0.061835023643890465,0.46199789253639695,0.6911717961935147,0.3531701863312029,-0.07649480387980401,0.3401360544217687,1.0984554665976118,24.91632744775979,0.024916327447759786,0.7320020115398866,4116.0,0.7780450935403211,0.8333333333333334
turtle_55_20,breakout,0.024694883829009973,0.1504170606730233,0.05717387396421128,0.4552551024684465,0.66484179103896,0.3147176666777002,-0.07846678608703528,0.33509234828496043,1.31953537097445,13.391968620944239,0.01339196862094424,0.6148364300460537,1895.0,0.6415744497571234,0.8333333333333334
abs_mom_12m,time_series_momentum,0.018170390686165216,0.10897262653806972,0.0469362141655959,0.4071450475304145,0.5386319913821203,0.1162730245836838,-0.15627348433761312,0.38333333333333336,9.994097155522994,3.5329293069837218,0.003532929306983721,0.4146683605949923,180.0,-0.10473340571516751,0.8333333333333334
trix_15,oscillator_trend,0.01894980686312353,0.11385772881675504,0.06826171683936401,0.3091176063534913,0.45807429169943237,0.13719512701630632,-0.13812303159186734,0.37533137993581694,1.0678199352612838,41.70464529229112,0.04170464529229112,0.9999205971097348,7167.0,0.556395896067224,0.5
t3_20,adaptive_ma,0.017878358658311777,0.10714683729474239,0.06976803074242477,0.2888407240634542,0.4406444193846986,0.1164841295904168,-0.15348321459048475,0.2250467548659694,1.0409300816195517,78.00206901110136,0.07800206901110135,0.9999205971097348,14437.0,0.45747184299211757,0.5
aroon_25,directional,0.016593720834630066,0.09914471314342932,0.0690906439256897,0.2727252157770896,0.4025278585145428,0.12209643971269522,-0.1359066724113881,0.3514255221832596,1.0973352883748204,38.491455438991615,0.038491455438991615,0.996579058811074,6559.0,0.27140245173089644,0.5
adx_dmi_14,directional,0.011343822100530199,0.06693732749831272,0.05087164935116175,0.2471491604727793,0.3698141652816517,0.19166566614732305,-0.05918546773948974,0.30967998409858877,1.1125087911555784,27.10963050996785,0.02710963050996785,0.48576041501243983,5031.0,0.5212773403258537,0.8333333333333334
tsmom_252,time_series_momentum,0.013315366859857347,0.07893979196541534,0.06851217291672362,0.22732610318902538,0.3195818746019983,0.0776393282566637,-0.171502860197847,0.2706589958158996,1.5085938792766482,27.100850300662657,0.027100850300662654,0.9994177121380553,3824.0,-0.18308346698081204,0.5
tsmom_multi,time_series_momentum,0.008157808192642335,0.047774552677774196,0.05488591211707361,0.17545638696670432,0.2588859403351376,0.06343172786657884,-0.12860769313743625,0.22600590623846437,1.2172394902033192,48.688141318382804,0.048688141318382804,0.9984913450849611,10836.0,-0.07091276658596159,0.5
chandelier_22_3,volatility_stop,0.003777005560336111,0.021890448517348116,0.06688004390640159,0.08977682970234141,0.1353087955516556,0.0320152216048093,-0.11797530583916782,0.3187811053872348,0.9428211172515545,56.40259295905385,0.056402592959053845,0.9999205971097348,11453.0,0.10854050326789977,0.5
kst,oscillator_trend,0.003688420788859448,0.021372543028255864,0.06830525566039365,0.08802733130778702,0.13070396799236478,0.024189701516201874,-0.1524789707053228,0.3774794388001935,1.0083764562838566,46.668744218003994,0.046668744218004,0.9999205971097348,8268.0,0.4039694317286667,0.5
tsi_25_13,oscillator_trend,0.0011182409568597507,0.00644024943540189,0.06907942231190295,0.05068447164372013,0.07701472458776158,0.007663717089238421,-0.145913653105751,0.3255940363410467,0.9793484432737959,69.43225359840305,0.06943225359840305,0.9999205971097348,12878.0,0.03422771929565464,0.3333333333333333
vortex_14,directional,0.0010510152793457017,0.0060521134634963225,0.06904230608227072,0.049706926909095166,0.0747492451125677,0.00689989044093183,-0.15232347358891718,0.31573963002714817,1.0210380264479202,84.14601060663446,0.08414601060663446,0.9991001005769943,15839.0,-0.03086409725133809,0.5
psar,volatility_stop,-0.004185109040434232,-0.02380191432236345,0.0654117533204618,-0.031439815793434904,-0.04751374618248431,-0.022407908038221225,-0.18676928847153784,0.36689689606390946,0.9728051939169301,64.89738697921169,0.0648973869792117,0.9999205971097348,12017.0,-0.12984931439879907,0.6666666666666666
vidya_14,adaptive_ma,-0.011685385767044365,-0.06528745290479387,0.07006416755056252,-0.13275858507377045,-0.1978358266359121,-0.06667468576835064,-0.175259705124718,0.18889046336970383,0.9563036510189333,74.90157634234052,0.07490157634234053,0.9999205971097348,14114.0,-0.3488469141913108,0.5
mcginley_14,adaptive_ma,-0.011747322538093519,-0.06562387314508444,0.06746052355148631,-0.14145849915132105,-0.20911555508716398,-0.05373416444709134,-0.21861924641371078,0.20298544750484043,1.0525046479465148,86.17549482527625,0.08617549482527624,0.9999205971097348,16011.0,-0.4464263376619519,0.3333333333333333
triple_ma_4_9_18,ma_crossover,-0.01029017403804211,-0.05768256829044738,0.05952791142218156,-0.14402228958158733,-0.2176895030073134,-0.06480123071492516,-0.15879596613389713,0.34542390268923573,1.0191634284797157,70.04236801060581,0.07004236801060583,0.6540614578370653,13647.0,-0.26030034615154235,0.3333333333333333
macd_12_26_9,oscillator_trend,-0.013940723371801522,-0.07747339773147055,0.06890916459778536,-0.16930598245140266,-0.2548418209684579,-0.07954987884434304,-0.17524506101485882,0.32363271450075265,0.943013718062278,64.64641511669754,0.06464641511669754,0.9999205971097348,11958.0,-0.052210818609190565,0.3333333333333333
zlema_10_30,ma_crossover,-0.024262514261348844,-0.131582478042924,0.0684942320370993,-0.3243746782742695,-0.48422284492049283,-0.10103750666652477,-0.24013373906214353,0.35119210742669227,0.9504491512802673,77.61411295145506,0.07761411295145507,0.9999205971097348,14596.0,-0.5020879645949011,0.5
heikin_ashi_3,directional,-0.03537859344559402,-0.18689648982451668,0.06680286569221763,-0.5058145006882181,-0.7537199777851613,-0.13042753499535106,-0.27125095515187836,0.3351264809478066,0.919799206600754,81.3920618112769,0.08139206181127691,0.9999205971097348,15615.0,-0.7011246676240538,0.3333333333333333
jma_7_21,ma_crossover,-0.04296790361780478,-0.2229631321699077,0.06900152056439435,-0.602009269988954,-0.9062709330345995,-0.14374426135455914,-0.2989190887545784,0.3225584957481646,0.9257571968149476,98.22093827512697,0.09822093827512698,0.9999205971097348,18933.0,-0.7271457714319676,0.3333333333333333
kama_10,adaptive_ma,-0.07182707186384307,-0.34828152676507096,0.06855046684835157,-1.0530783874625327,-1.592380678205101,-0.1835109482867131,-0.3914048318884069,0.21596286858390973,0.8559800807094873,112.00595629562268,0.11200595629562268,0.9999205971097348,21976.0,-0.9311666477677224,0.16666666666666666
frama_16,adaptive_ma,-0.07940963138793167,-0.3782766725737403,0.06738244024274197,-1.1942393580364485,-1.8027073295530267,-0.1808487103636606,-0.4390942640854357,0.23255645365906702,0.8823477530017113,138.7792260543213,0.13877922605432128,0.9999205971097348,27589.0,-0.9090630641202555,0.16666666666666666
elder_impulse,oscillator_trend,-0.09942786238198587,-0.4520337598845453,0.05802513247180951,-1.7758025143177116,-2.7011412971748774,-0.20338740735066335,-0.4888594809144735,0.30414647610869167,0.9188676347007234,160.95642298015764,0.16095642298015767,0.6170398602509132,32606.0,-0.9704742970822311,0.16666666666666666
