strategy,p_spa,p_rc,best_config,n_configs,p_spa_holm
faber_10m,1.0,1.0,S1_filter|logreg,25.0,1.0
bll_vma_200,1.0,0.9985,S5_params|et,25.0,1.0
dema_20_50,1.0,0.991,S1_filter|et,25.0,1.0
ema_12_26,0.669,0.663,S5_params|lgbm,25.0,1.0
triple_ma_4_9_18,0.016,0.0495,S5_params|rf,25.0,0.544
sma_50_200,0.449,0.971,S5_params|rf,25.0,1.0
gmma,0.922,0.9345,S3_sizing|logreg,25.0,1.0
jma_7_21,0.013,0.016,S5_params|rf,25.0,0.45499999999999996
zlema_10_30,0.0235,0.0645,S1_filter|mlp,25.0,0.7755
kama_10,0.0,0.0005,S1_filter|et,25.0,0.0
turtle_55_20,0.892,0.924,S5_params|mlp,25.0,1.0
vidya_14,0.0345,0.1625,S5_params|rf,25.0,1.0
hma_55_slope,0.9435,0.8855,S5_params|et,25.0,1.0
frama_16,0.0,0.0,S1_filter|logreg,25.0,0.0
turtle_20_10,0.424,0.374,S3_sizing|logreg,25.0,1.0
mcginley_14,0.4325,0.5515,S5_params|et,25.0,1.0
donchian_20,0.74,0.7915,S1_filter|lgbm,25.0,1.0
t3_20,0.666,0.6325,S5_params|et,25.0,1.0
keltner_20,0.4735,0.4485,S3_sizing|logreg,25.0,1.0
bollinger_20_2,0.343,0.321,S5_params|et,25.0,1.0
abs_mom_12m,0.524,0.94,S5_params|mlp,25.0,1.0
supertrend_10_3,0.936,0.8085,S1_filter|rf,25.0,1.0
tsmom_252,0.323,0.7335,S5_params|logreg,25.0,1.0
psar,0.031,0.024,S1_filter|et,25.0,0.992
chande_kroll,0.878,0.915,S3_sizing|lgbm,25.0,1.0
chandelier_22_3,0.0,0.0195,S1_filter|lgbm,25.0,0.0
tsmom_multi,0.485,0.494,S5_params|et,25.0,1.0
linreg_63,1.0,0.9745,S1_filter|rf,25.0,1.0
macd_12_26_9,0.121,0.0165,S5_params|et,25.0,1.0
trix_15,0.814,0.6215,S5_params|logreg,25.0,1.0
adx_dmi_14,0.6425,0.7815,S1_filter|logreg,25.0,1.0
kst,0.4775,0.097,S5_params|et,25.0,1.0
tsi_25_13,0.432,0.4075,S1_filter|rf,25.0,1.0
cci_20_100,0.77,0.7225,S5_params|lgbm,25.0,1.0
aroon_25,0.664,0.6935,S3_sizing|logreg,25.0,1.0
elder_impulse,0.0,0.0,S1_filter|et,25.0,0.0
ichimoku,0.767,0.7705,S3_sizing|logreg,25.0,1.0
vortex_14,0.411,0.489,S1_filter|et,25.0,1.0
heikin_ashi_3,0.0625,0.105,S1_filter|rf,25.0,1.0
