ml_stage,ml_model,mean_dSharpe,median_dSharpe,share_improved,sig_pos,sig_neg,times_selected,n_choices,selection_share
S1_filter,et,0.28602915911561494,0.2175036991816125,0.8461538461538461,12,0,43,234,0.18376068376068377
S1_filter,lgbm,0.3428350009673527,0.28811334646209563,0.9230769230769231,17,0,45,234,0.19230769230769232
S1_filter,logreg,0.24477872485273444,0.21131905440510335,0.8205128205128205,12,0,50,234,0.21367521367521367
S1_filter,mlp,0.2950238247386368,0.25284391365076175,0.8974358974358975,14,0,50,234,0.21367521367521367
S1_filter,rf,0.2917729108070277,0.23629787785949785,0.8205128205128205,15,0,46,234,0.19658119658119658
S2_regime,et,-0.12277605384702972,-0.2148550556246029,0.3076923076923077,1,4,70,234,0.29914529914529914
S2_regime,lgbm,-0.18749384690743062,-0.23120070998188547,0.23076923076923078,0,10,39,234,0.16666666666666666
S2_regime,logreg,-0.22586578694912432,-0.24441140664697825,0.07692307692307693,0,6,26,234,0.1111111111111111
S2_regime,mlp,-0.08249684569409338,-0.12285083424331897,0.28205128205128205,2,4,63,234,0.2692307692307692
S2_regime,rf,-0.04515216271374667,-0.09427814874562046,0.3076923076923077,1,3,36,234,0.15384615384615385
S3_sizing,et,-0.26147306049270364,-0.2386399022279131,0.1282051282051282,0,13,49,234,0.2094017094017094
S3_sizing,lgbm,-0.09031568887842069,-0.070318118179996,0.358974358974359,0,2,80,234,0.3418803418803419
S3_sizing,logreg,-0.08712466587952337,-0.04663617324787661,0.3333333333333333,0,3,46,234,0.19658119658119658
S3_sizing,mlp,-0.23402429553776555,-0.21426413213743634,0.15384615384615385,0,11,32,234,0.13675213675213677
S3_sizing,rf,-0.19981294245040163,-0.18895158003028983,0.23076923076923078,0,11,27,234,0.11538461538461539
S4_exit,et,-0.06599836635091509,-0.03809797758568145,0.38461538461538464,0,0,37,234,0.1581196581196581
S4_exit,lgbm,0.08196171535375275,0.1468104439184239,0.717948717948718,4,1,46,234,0.19658119658119658
S4_exit,logreg,0.05721875288093726,0.06937742922360146,0.6153846153846154,1,0,62,234,0.26495726495726496
S4_exit,mlp,-0.000927442733263859,0.047050903527015575,0.5384615384615384,2,0,38,234,0.1623931623931624
S4_exit,rf,0.040430571174674336,0.07223701257129533,0.6666666666666666,1,0,51,234,0.21794871794871795
S5_params,et,0.1852090221201935,0.12178218589335743,0.6666666666666666,5,0,57,234,0.24358974358974358
S5_params,lgbm,0.13903041002109282,0.14836949343066025,0.717948717948718,4,1,61,234,0.2606837606837607
S5_params,logreg,0.12372554773334858,0.08843023564782124,0.6666666666666666,3,0,48,234,0.20512820512820512
S5_params,mlp,0.10130371603065469,0.07627917030697226,0.5897435897435898,2,0,37,234,0.1581196581196581
S5_params,rf,0.18526768253289852,0.0882983569899688,0.7435897435897436,7,1,31,234,0.13247863247863248
