strategy_family,ml_stage,n,mean_dSharpe,share_improved,mean_base_sharpe
adaptive_ma,S1_filter,6,0.4051804033147157,1.0,-0.25761162432527346
adaptive_ma,S2_regime,6,0.1305708943716926,0.5,-0.25761162432527346
adaptive_ma,S3_sizing,6,-0.0025294737978766996,0.5,-0.25761162432527346
adaptive_ma,S4_exit,6,0.05693172012193574,0.6666666666666666,-0.25761162432527346
adaptive_ma,S5_params,6,0.25552992946409686,1.0,-0.25761162432527346
breakout,S1_filter,5,0.346615618321451,1.0,0.5310457192050326
breakout,S2_regime,5,-0.16633748167959178,0.0,0.5310457192050326
breakout,S3_sizing,5,0.051359826749777994,0.6,0.5310457192050326
breakout,S4_exit,5,0.22486886310536008,0.8,0.5310457192050326
breakout,S5_params,5,0.07069569586954408,0.6,0.5310457192050326
directional,S1_filter,5,0.2574297576956662,0.8,0.13628347172184707
directional,S2_regime,5,-0.14060407934514693,0.2,0.13628347172184707
directional,S3_sizing,5,-0.13089203973545865,0.0,0.13628347172184707
directional,S4_exit,5,-0.03608071426812617,0.4,0.13628347172184707
directional,S5_params,5,0.12311736686553654,0.6,0.13628347172184707
ma_crossover,S1_filter,7,0.3699816784759126,0.8571428571428571,0.22807499059644734
ma_crossover,S2_regime,7,-0.04847003058453493,0.42857142857142855,0.22807499059644734
ma_crossover,S3_sizing,7,-0.050622045734925014,0.7142857142857143,0.22807499059644734
ma_crossover,S4_exit,7,0.10065421894345108,0.8571428571428571,0.22807499059644734
ma_crossover,S5_params,7,0.24757736675830297,0.5714285714285714,0.22807499059644734
oscillator_trend,S1_filter,6,0.5602701936109209,1.0,-0.15671971096195844
oscillator_trend,S2_regime,6,0.05139188242633728,0.5,-0.15671971096195844
oscillator_trend,S3_sizing,6,-0.13045550025685143,0.5,-0.15671971096195844
oscillator_trend,S4_exit,6,-0.007688071142085788,0.5,-0.15671971096195844
oscillator_trend,S5_params,6,0.389706837900287,0.8333333333333334,-0.15671971096195844
price_vs_ma,S1_filter,2,-0.03687085293278097,0.0,0.7101841967679752
price_vs_ma,S2_regime,2,-0.3866417399575818,0.0,0.7101841967679752
price_vs_ma,S3_sizing,2,-0.30399590025175144,0.0,0.7101841967679752
price_vs_ma,S4_exit,2,0.02701605621083847,0.5,0.7101841967679752
price_vs_ma,S5_params,2,-0.036224557476440766,0.0,0.7101841967679752
time_series_momentum,S1_filter,4,0.016273330897129068,0.25,0.3207168701927277
time_series_momentum,S2_regime,4,-0.38026889578018863,0.0,0.3207168701927277
time_series_momentum,S3_sizing,4,-0.33874409348737494,0.0,0.3207168701927277
time_series_momentum,S4_exit,4,-0.1532393807637209,0.25,0.3207168701927277
time_series_momentum,S5_params,4,0.03222046814761918,0.5,0.3207168701927277
volatility_stop,S1_filter,4,0.5412015716052728,1.0,0.3309485852260253
volatility_stop,S2_regime,4,0.04004756293014021,0.25,0.3309485852260253
volatility_stop,S3_sizing,4,0.002005601775202804,0.5,0.3309485852260253
volatility_stop,S4_exit,4,0.146543312661488,0.75,0.3309485852260253
volatility_stop,S5_params,4,0.06928134643107789,0.5,0.3309485852260253
