strategy,pbo,best_config_ex_post,best_sharpe,base_sharpe,dsr_best
abs_mom_12m,0.008003108003108004,S3_sizing|mlp,0.9078614,0.8413927,0.9988476895170613
adx_dmi_14,0.021212121212121213,S1_filter|et,0.3767177,-0.19345146,0.4778836151795137
aroon_25,0.007459207459207459,S1_filter|et,0.58553505,0.10423855,0.7331086553128457
bll_vma_200,0.0032634032634032634,S4_exit|et,0.86014545,0.45500654,0.9936380463440744
bollinger_20_2,0.027505827505827505,S1_filter|et,0.5279148,-0.075910434,0.7065597303651452
cci_20_100,0.009557109557109558,S1_filter|rf,0.6554063,0.049822323,0.7366410902102554
chande_kroll,0.005439005439005439,S1_filter|et,0.75525945,0.09380827,0.9263909380388269
chandelier_22_3,0.002097902097902098,S3_sizing|et,0.4491181,-0.11691464,0.5701789104928329
dema_20_50,0.2264180264180264,S3_sizing|et,0.48428175,-0.07078152,0.5490570426166013
donchian_20,0.0002331002331002331,S1_filter|logreg,0.63950616,0.109921746,0.7197826470294898
elder_impulse,0.051592851592851596,S1_filter|rf,-0.014680184,-0.7200074,0.03958451230937618
ema_12_26,0.0,S1_filter|rf,0.73010355,0.19258271,0.8950948350107302
faber_10m,0.005827505827505828,S3_sizing|mlp,0.9170749,0.8490291,0.9970362481463942
frama_16,0.003962703962703963,S1_filter|rf,-0.06933024,-0.82547027,0.025367857062842388
gmma,0.014452214452214453,S3_sizing|et,0.63950044,0.22884215,0.9317583756345371
heikin_ashi_3,0.11818181818181818,S1_filter|et,0.31299397,-0.38156867,0.23944702178143723
hma_55_slope,0.01623931623931624,S1_filter|et,0.6082932,0.024979483,0.7731122447446475
ichimoku,0.0018648018648018648,S1_filter|et,0.6296576,0.19424872,0.8698579988345517
jma_7_21,0.019036519036519036,S1_filter|et,0.42746642,-0.31773818,0.534447554423493
kama_10,0.018492618492618493,S1_filter|et,0.23392257,-0.49755037,0.33555916965621074
keltner_20,0.012354312354312355,S1_filter|et,0.69201326,0.03464582,0.8663757193254149
kst,0.04972804972804973,S4_exit|rf,0.5091496,-0.0911023,0.6165898013707282
linreg_63,0.04926184926184926,S4_exit|rf,0.6541222,0.25140658,0.8808561811574527
macd_12_26_9,0.010256410256410256,S1_filter|et,0.66582584,-0.10858623,0.846213309886328
mcginley_14,0.001554001554001554,S1_filter|et,0.573771,-0.006652514,0.8374274957432564
psar,0.006915306915306916,S1_filter|et,0.49465796,-0.26754683,0.5206561633814122
sma_50_200,0.0003885003885003885,S4_exit|et,0.7552995,0.41955292,0.9871241680967642
supertrend_10_3,0.00202020202020202,S1_filter|et,0.6694096,0.09380251,0.7166926882055512
t3_20,0.03605283605283605,S1_filter|rf,0.48744997,-0.16811244,0.675220592036361
triple_ma_4_9_18,0.0547008547008547,S3_sizing|rf,0.32980475,-0.3105625,0.3712589726251819
trix_15,0.08912198912198913,S4_exit|et,0.46038908,-0.10732857,0.5378047901335524
tsi_25_13,0.016006216006216007,S1_filter|et,0.56568074,-0.15715158,0.7717877744679336
tsmom_252,0.0,S3_sizing|et,0.72896117,0.48760518,0.9838783794468954
tsmom_multi,0.0002331002331002331,S4_exit|et,0.7168198,0.34773985,0.9700179418188886
turtle_20_10,0.016394716394716395,S1_filter|rf,0.5486965,-0.018908687,0.6580350673766457
turtle_55_20,0.01250971250971251,S1_filter|et,0.67780966,0.21369112,0.9030479269502911
vidya_14,0.007536907536907537,S1_filter|et,0.53658795,-0.010962806,0.7828197200742214
vortex_14,0.007148407148407148,S1_filter|et,0.6029403,-0.004099911,0.7262039757478425
zlema_10_30,0.04522144522144522,S1_filter|et,0.5261,-0.28224564,0.7199228541712609
