term,coef,se,t,p
Intercept,0.1558544549796865,0.009495000645763108,16.41437012953047,1.509390580025114e-60
ml_stage=S2_regime,-0.10435788425237813,0.008442520207655152,-12.360987203531108,4.2490621164661735e-35
ml_stage=S3_sizing,-0.006217902278832451,0.005765949204481761,-1.0783831175618745,0.28086281794513357
ml_stage=S4_exit,-0.02579697656062338,0.004630449154154162,-5.571160745276703,2.5304771750789918e-08
ml_stage=S5_params,-0.06715658546127881,0.004866122271411963,-13.800842172794917,2.5189257660123637e-43
ml_model=et,0.024600522047367412,0.0030139284115684416,8.162278159276303,3.2876402035226417e-16
ml_model=lgbm,0.0026781832074661625,0.002614769809314837,1.02425200028141,0.30571626320686296
ml_model=mlp,-0.023252034568492154,0.0025551466618683664,-9.10007825206005,9.026676920874686e-20
ml_model=rf,0.02087288599482688,0.0028578452324719006,7.303714616054567,2.7992979510477097e-13
strategy_family=adaptive_ma,-0.0010558089842923665,0.002525133656697476,-0.4181200395044506,0.675859354010498
strategy_family=breakout,-0.006605173992339375,0.0025095333182423977,-2.6320327944342425,0.008487566973680232
strategy_family=directional,-0.009536234277771526,0.0021797523353229292,-4.374916417446451,1.2147901552790066e-05
strategy_family=oscillator_trend,-0.0020045999242825968,0.0026119279313353903,-0.767479033488383,0.44279675433243926
strategy_family=price_vs_ma,-0.04772025919623693,0.005154628795659057,-9.25774892586335,2.0878742107140664e-20
strategy_family=time_series_momentum,-0.033757864026480865,0.00422819257691122,-7.983993967261933,1.4167294913458264e-15
strategy_family=volatility_stop,-0.0032783537861224886,0.002261271147569375,-1.4497835828517818,0.14711887902005888
asset_class=crypto,-0.009754214713548235,0.016504678039174967,-0.590996970095142,0.554522451087417
asset_class=etf,-0.022525053598071183,0.01286777907951224,-1.7505004911014532,0.0800319894800506
asset_class=futures,-0.08277448348175599,0.013110321181945779,-6.313688454539521,2.724621727994823e-10
asset_class=fx,-0.11705710896327105,0.010007941762850858,-11.696421875453261,1.3294171364831804e-31
base_sharpe,-0.19859613996593897,0.015262886700273138,-13.011702429946295,1.0497701504496232e-38
