run,stage,n_strategies,mean_base_sharpe,mean_dSharpe,median_dSharpe,share_improved,sig_pos_bh,sig_neg_bh
benchmark,S1_filter,39,0.0066580344152388626,0.4698507878508508,0.4976287341596569,0.9743589743589743,31,0
benchmark,S2_regime,39,0.0066580344152388626,-0.006711821985947639,-0.005772759713062212,0.46153846153846156,1,0
benchmark,S3_sizing,39,0.0066580344152388626,0.4438277520054248,0.4808190869269294,0.9743589743589743,33,0
benchmark,S4_exit,39,0.0066580344152388626,0.28226155150438625,0.296465023094571,0.9487179487179487,15,1
benchmark,S5_params,39,0.0066580344152388626,0.16362700576289102,0.16462753077297343,0.8461538461538461,4,0
robust_holdout2013,S1_filter,39,-0.08036590161474405,0.6200459624078084,0.6742302114926632,0.9743589743589743,32,0
robust_holdout2013,S2_regime,39,-0.08036590161474405,0.12402726538093926,0.11465465426854592,0.7692307692307693,0,2
robust_holdout2013,S3_sizing,39,-0.08036590161474405,0.3931493394559989,0.39343886716696125,0.9487179487179487,20,0
robust_holdout2013,S4_exit,39,-0.08036590161474405,0.30043145658565024,0.3489582063875447,0.9487179487179487,16,1
robust_holdout2013,S5_params,39,-0.08036590161474405,0.18648528012323926,0.22391319777094104,0.8461538461538461,3,0
crypto_intraday_4h,S1_filter,39,0.16600546390505383,0.3476656439773036,0.3033624964060398,0.8205128205128205,6,0
crypto_intraday_4h,S2_regime,39,0.16600546390505383,-0.07477923512160553,-0.1200542972178012,0.28205128205128205,0,2
crypto_intraday_4h,S3_sizing,39,0.16600546390505383,-0.08986848709624201,-0.06472219921174938,0.41025641025641024,0,0
crypto_intraday_4h,S4_exit,39,0.16600546390505383,0.05054435924826084,0.05363205198910542,0.6153846153846154,0,0
crypto_intraday_4h,S5_params,39,0.16600546390505383,0.17710475970594183,0.09727395650825066,0.6410256410256411,2,0
