original,new_path,section,market,style,timeframe,is_representative,code_cells,functions
Notebook1 (1).ipynb,notebooks/01_data_collection/data-collection_001.ipynb,data_collection,us_equities,unknown,1m,True,19,
Notebook1 (10).ipynb,notebooks/05_strategies/by_market/indian_equities/multi_15m_strat_001.ipynb,strategies,indian_equities,unknown,15m,True,12,resample_1hr_custom; adaptive_intraday_momentum_signal; process_ticker; backtest_trades; calculate_metrics; apply_strategy
Notebook1 (100).ipynb,notebooks/05_strategies/by_market/forex/forex_15m_jma_atr_001.ipynb,strategies,forex,unknown,15m,True,11,resample_1hr_custom; compute_jma_indicator; process_ticker; backtest_trades; calculate_metrics; apply_strategy
Notebook1 (101).ipynb,notebooks/02_data_cleaning/data-cleaning_001.ipynb,data_cleaning,us_equities,unknown,unknown,True,3,validate; __init__; _map_side; _retry; get_position; get_account; get_open_orders; cancel_all_orders; submit_market_order; confirm_order_filled
Notebook1 (102).ipynb,notebooks/05_strategies/by_market/options/options_3m_strat_001.ipynb,strategies,options,unknown,3m,True,12,resample_1hr_custom; compute_indicators; atr_vec; prepare_data; backtest_ticker_numba; run_backtest; calculate_metrics; rank_and_score; backtest_with_params; optimize_params
Notebook1 (103).ipynb,notebooks/05_strategies/by_market/indian_equities/multi_15m_strat_002.ipynb,strategies,indian_equities,unknown,15m,True,12,resample_1hr_custom; stochastic_oscillator; find_divergences; calculate_quad_stochastic; plot_stochastic_with_divergence; generate_quad_stochastic_signals; _stoch; _divergences; add_stoch_signals; add_stoch_signals_grouped
Notebook1 (104).ipynb,notebooks/02_data_cleaning/data-cleaning_002.ipynb,data_cleaning,unknown,unknown,daily,True,1,preprocess_ohlc; create_quarterly_features; add_tradebook_features; step_forward_prediction_with_top_10_tickers
Notebook1 (105).ipynb,notebooks/14_machine_learning/machine-learning_001.ipynb,machine_learning,unknown,unknown,unknown,True,5,
Notebook1 (106).ipynb,notebooks/09_risk_management/risk-management_001.ipynb,risk_management,unknown,unknown,unknown,True,12,weighted_moving_average; calculate_tmf; calculate_vwap; calculate_adx; process_ticker; apply_indicators_to_tickers; backtest_strategy_with_vwap_adx; calculate_adx; calculate_vwap; run_strategy_with_params
Notebook1 (107).ipynb,notebooks/02_data_cleaning/data-cleaning_003.ipynb,data_cleaning,options,unknown,3m,True,20,preprocess_dataframe; plot_pnl_distribution; plot_pnl_by_exit_reason; plot_trade_summary; plot_total_pnl_by_ticker; plot_pnl_by_weekday; plot_exit_reason_stats; plot_win_rate_by_direction_per_ticker; plot_long_short_pnl_by_ticker; run_visualizations
Notebook1 (108).ipynb,notebooks/02_data_cleaning/data-cleaning_004.ipynb,data_cleaning,crypto,unknown,1h,True,24,_is_colab; load_data; _resolve; resolve_columns; preprocess; plot_pnl_distribution; plot_pnl_by_exit_reason; plot_trade_summary; plot_pnl_by_weekday; plot_win_rate_by_direction
Notebook1 (109).ipynb,notebooks/21_experiments/experiments_001.ipynb,experiments,forex,unknown,unknown,True,3,
Notebook1 (11).ipynb,notebooks/21_experiments/experiments_002.ipynb,experiments,options,unknown,unknown,True,17,vram_used; vram_report; is_installed; pip; ensure_sam2_configs; vram_report; extract_if_needed; copy_or_download; _sd_weights_valid; _sd_weights_valid
Notebook1 (110).ipynb,notebooks/21_experiments/experiments_003.ipynb,experiments,forex,unknown,unknown,True,1,
Notebook1 (111).ipynb,notebooks/21_experiments/experiments_004.ipynb,experiments,unknown,unknown,unknown,True,1,
Notebook1 (112).ipynb,notebooks/21_experiments/experiments_005.ipynb,experiments,unknown,unknown,unknown,True,1,
Notebook1 (113).ipynb,notebooks/21_experiments/experiments_006.ipynb,experiments,unknown,unknown,unknown,True,1,
Notebook1 (114).ipynb,notebooks/21_experiments/experiments_007.ipynb,experiments,unknown,unknown,unknown,True,2,
Notebook1 (115).ipynb,notebooks/02_data_cleaning/data-cleaning_005.ipynb,data_cleaning,forex,unknown,unknown,True,2,
Notebook1 (116).ipynb,notebooks/05_strategies/by_market/indian_equities/multi_strat_003.ipynb,strategies,indian_equities,unknown,unknown,True,11,calculate_indicators; backtest_strategy_for_ticker; backtest_strategy_for_all_tickers; backtest_strategy; weighted_moving_average; calculate_tmf; apply_tmf_to_tickers; backtest_strategy; plot_trade_trace; plot_trades_with_hover_labels
Notebook1 (117).ipynb,notebooks/14_machine_learning/machine-learning_002.ipynb,machine_learning,unknown,unknown,unknown,True,1,create_advanced_features; objective
Notebook1 (118).ipynb,notebooks/14_machine_learning/machine-learning_003.ipynb,machine_learning,unknown,unknown,unknown,True,13,classify_trade; classify_trade; sharpe
Notebook1 (119).ipynb,notebooks/14_machine_learning/machine-learning_004.ipynb,machine_learning,unknown,unknown,unknown,True,14,calculate_indicators; apply_trading_strategy; train_ml_model; live_trade_decision; backtest_and_live_trade; calculate_win_rate; calculate_indicators; backtest_single_ticker; backtest_strategy; run_backtest_for_params
Notebook1 (12).ipynb,notebooks/05_strategies/by_market/crypto/multi_1h_jma_atr_004.ipynb,strategies,crypto,unknown,1h,True,10,resample_1hr_custom; __init__; compute_atr; compute_jma_and_signals; compute_atr_max; cy_backtest_trades; backtest_trades
Notebook1 (120).ipynb,notebooks/14_machine_learning/machine-learning_005.ipynb,machine_learning,unknown,unknown,unknown,True,14,get_score
Notebook1 (121).ipynb,notebooks/14_machine_learning/machine-learning_006.ipynb,machine_learning,unknown,unknown,unknown,True,25,
Notebook1 (122).ipynb,notebooks/14_machine_learning/machine-learning_007.ipynb,machine_learning,unknown,unknown,unknown,True,18,
Notebook1 (123).ipynb,notebooks/09_risk_management/risk-management_002.ipynb,risk_management,unknown,unknown,unknown,True,10,calculate_strategy; process_tickers; calculate_supertrend; strategy_4A; test_combination; robustness_testing
Notebook1 (124).ipynb,notebooks/14_machine_learning/machine-learning_008.ipynb,machine_learning,unknown,unknown,unknown,True,16,
Notebook1 (125).ipynb,notebooks/14_machine_learning/machine-learning_009.ipynb,machine_learning,unknown,unknown,unknown,True,15,
Notebook1 (126).ipynb,notebooks/02_data_cleaning/data-cleaning_006.ipynb,data_cleaning,unknown,unknown,unknown,True,33,is_float; convert; remove_pps_outliers; location_chart
Notebook1 (127).ipynb,notebooks/14_machine_learning/machine-learning_010.ipynb,machine_learning,us_equities,unknown,unknown,True,8,monte_carlo; plot; test; main; monte_carlo; plot; main
Notebook1 (128).ipynb,notebooks/01_data_collection/data-collection_002.ipynb,data_collection,unknown,unknown,unknown,True,4,save_parquet_by_ticker
Notebook1 (129).ipynb,notebooks/19_visualization/visualization_001.ipynb,visualization,unknown,unknown,unknown,True,12,
Notebook1 (13).ipynb,notebooks/05_strategies/by_market/commodities/multi_1h_jma_atr_005.ipynb,strategies,commodities,unknown,1h,True,11,resample_1hr_custom; compute_jma_indicator; process_ticker; backtest_trades; calculate_metrics; apply_strategy
Notebook1 (130).ipynb,notebooks/05_strategies/by_market/indian_equities/indian_equities_strat_001.ipynb,strategies,indian_equities,unknown,unknown,True,6,identify_fvg; find_order_blocks; identify_liquidity_sweeps; calculate_fibonacci_levels; filter_session; apply_trading_logic; backtest_strategy
Notebook1 (131).ipynb,notebooks/07_portfolio_construction/portfolio-construction_001.ipynb,portfolio_construction,indian_equities,unknown,daily,True,14,daily_correlations; daily_correlations
Notebook1 (132).ipynb,notebooks/07_portfolio_construction/portfolio-construction_002.ipynb,portfolio_construction,indian_equities,unknown,daily,True,10,calculate_daily_correlation
Notebook1 (133).ipynb,notebooks/17_statistical_arbitrage/statistical-arbitrage_001.ipynb,statistical_arbitrage,indian_equities,unknown,unknown,True,19,calculate_z_score; backtest
Notebook1 (134).ipynb,notebooks/05_strategies/by_market/us_equities/us_equities_1m_strat_006.ipynb,strategies,us_equities,unknown,1m,True,10,calculate_rsi; __init__; open_buy; open_sell; close_position; update; __init__; execute; generate_summary; calculate_rsi
Notebook1 (135).ipynb,notebooks/05_strategies/by_market/indian_equities/indian_equities_daily_strat_002.ipynb,strategies,indian_equities,unknown,daily,True,27,calculate_daily_correlation; calculate_daily_correlation; compute_position_sizes; precompute_rolling_statistics; run_backtest; calculate_max_drawdown; simulate_cumulative_pnl; save_plot_as_image; plot_cumulative_pnl_and_drawdown; plot_drawdown
Notebook1 (136).ipynb,notebooks/19_visualization/visualization_002.ipynb,visualization,unknown,unknown,unknown,True,15,close_position; close_position; trading_logic; walk_forward_optimization_quarterly
Notebook1 (137).ipynb,notebooks/99_archive/duplicates/dup_001__Notebook1_137.ipynb,visualization,unknown,unknown,unknown,False,15,close_position; close_position; trading_logic; walk_forward_optimization_quarterly
Notebook1 (138).ipynb,notebooks/19_visualization/visualization_003.ipynb,visualization,options,unknown,unknown,True,19,close_position; close_position; save_plot_as_image; plot_cumulative_pnl_and_drawdown; plot_drawdown; plot_pnl_distribution; plot_monthly_profit_heatmap; plot_yearly_returns; plot_quarterly_profit
Notebook1 (139).ipynb,notebooks/05_strategies/by_market/us_equities/us_equities_strat_007.ipynb,strategies,us_equities,unknown,unknown,True,19,adf_test; calculate_metrics; calculate_metrics
Notebook1 (14).ipynb,notebooks/05_strategies/by_market/crypto/multi_1h_jma_atr_008.ipynb,strategies,crypto,unknown,1h,True,14,resample_1hr_custom; compute_jma_indicator; compute_stats; evaluate_params; cy_process_ticker; backtest_trades; calculate_metrics_fast; apply_strategy
Notebook1 (140).ipynb,notebooks/19_visualization/visualization_004.ipynb,visualization,indian_equities,unknown,unknown,True,23,save_plot_as_image; plot_cumulative_pnl_and_drawdown; plot_drawdown; plot_pnl_distribution; plot_monthly_profit_heatmap; plot_yearly_returns; plot_quarterly_profit
Notebook1 (141).ipynb,notebooks/21_experiments/experiments_008.ipynb,experiments,indian_equities,unknown,unknown,True,5,merge_csv_files_in_series
Notebook1 (142).ipynb,notebooks/05_strategies/by_market/indian_equities/indian_equities_1h_strat_003.ipynb,strategies,indian_equities,unknown,1h,True,9,halftrend; halftrend_with_session_reset; backtest_halftrend; _run_group; backtest_multiple_tickers
Notebook1 (143).ipynb,notebooks/99_archive/duplicates/dup_002__Notebook1_143.ipynb,machine_learning,unknown,unknown,unknown,False,5,
Notebook1 (144).ipynb,notebooks/99_archive/duplicates/dup_003__Notebook1_144.ipynb,machine_learning,unknown,unknown,unknown,False,25,
Notebook1 (145).ipynb,notebooks/99_archive/duplicates/dup_004__Notebook1_145.ipynb,machine_learning,unknown,unknown,unknown,False,18,
Notebook1 (146).ipynb,notebooks/19_visualization/visualization_005.ipynb,visualization,unknown,scalping,unknown,True,13,next_year_prices; append_future_prices; get_price
Notebook1 (147).ipynb,notebooks/02_data_cleaning/data-cleaning_007.ipynb,data_cleaning,unknown,scalping,daily,True,15,next_year_prices; append_future_prices; calculate_gas_storage_value_from_df
Notebook1 (148).ipynb,notebooks/14_machine_learning/machine-learning_011.ipynb,machine_learning,unknown,unknown,unknown,True,4,calculate_expected_loss
Notebook1 (149).ipynb,notebooks/21_experiments/experiments_009.ipynb,experiments,unknown,unknown,unknown,True,3,
Notebook1 (15).ipynb,notebooks/05_strategies/by_market/forex/forex_1h_jma_atr_002.ipynb,strategies,forex,unknown,1h,True,11,resample_1hr_custom; compute_jma_indicator; process_ticker; backtest_trades; price_to_pips; calculate_metrics; apply_strategy
Notebook1 (150).ipynb,notebooks/05_strategies/by_market/indian_equities/indian_equities_strat_004.ipynb,strategies,indian_equities,unknown,unknown,True,14,kalman_filter_optimized; apply_kalman_trend_strategy_vectorbt; backtest_with_sl_tp; process_multiple_tickers_optimized; run_robustness_testing_with_sl_tp; save_results_to_csv
Notebook1 (151).ipynb,notebooks/99_archive/duplicates/dup_005__Notebook1_151.ipynb,risk_management,unknown,unknown,unknown,False,10,calculate_strategy; process_tickers; calculate_supertrend; strategy_4A; test_combination; robustness_testing
Notebook1 (152).ipynb,notebooks/99_archive/duplicates/dup_006__Notebook1_152.ipynb,machine_learning,unknown,unknown,unknown,False,16,
Notebook1 (153).ipynb,notebooks/99_archive/duplicates/dup_007__Notebook1_153.ipynb,data_cleaning,options,unknown,3m,False,20,preprocess_dataframe; plot_pnl_distribution; plot_pnl_by_exit_reason; plot_trade_summary; plot_total_pnl_by_ticker; plot_pnl_by_weekday; plot_exit_reason_stats; plot_win_rate_by_direction_per_ticker; plot_long_short_pnl_by_ticker; run_visualizations
Notebook1 (154).ipynb,notebooks/99_archive/duplicates/dup_008__Notebook1_154.ipynb,data_cleaning,unknown,unknown,unknown,False,33,is_float; convert; remove_pps_outliers; location_chart
Notebook1 (155).ipynb,notebooks/19_visualization/visualization_006.ipynb,visualization,unknown,unknown,unknown,True,10,
Notebook1 (156).ipynb,notebooks/05_strategies/by_market/_unclassified/multi_strat_009.ipynb,strategies,unknown,unknown,unknown,True,13,kalman_filter_fast; calculate_z_score; calculate_z_score
Notebook1 (157).ipynb,notebooks/05_strategies/by_market/_unclassified/multi_strat_010.ipynb,strategies,unknown,unknown,unknown,True,12,calculate_ohlc4; initialize_kalman_filter; apply_kalman_filter; backtest; backtest_all_tickers; calculate_ohlc4; initialize_kalman_filter; backtest; plot_ohlc4_vs_kalman; plot_balance_over_time
Notebook1 (158).ipynb,notebooks/99_archive/duplicates/dup_009__Notebook1_158.ipynb,machine_learning,us_equities,unknown,unknown,False,8,monte_carlo; plot; test; main; monte_carlo; plot; main
Notebook1 (159).ipynb,notebooks/99_archive/duplicates/dup_010__Notebook1_159.ipynb,data_collection,unknown,unknown,unknown,False,4,save_parquet_by_ticker
Notebook1 (16).ipynb,notebooks/05_strategies/by_market/commodities/multi_15m_jma_atr_011.ipynb,strategies,commodities,unknown,15m,True,11,resample_1hr_custom; compute_jma_indicator; process_ticker; backtest_trades; calculate_metrics; apply_strategy
Notebook1 (160).ipynb,notebooks/99_archive/duplicates/dup_011__Notebook1_160.ipynb,visualization,unknown,unknown,unknown,False,12,
Notebook1 (161).ipynb,notebooks/99_archive/duplicates/dup_012__Notebook1_161.ipynb,strategies,indian_equities,unknown,unknown,False,6,identify_fvg; find_order_blocks; identify_liquidity_sweeps; calculate_fibonacci_levels; filter_session; apply_trading_logic; backtest_strategy
Notebook1 (162).ipynb,notebooks/99_archive/duplicates/dup_013__Notebook1_162.ipynb,portfolio_construction,indian_equities,unknown,daily,False,14,daily_correlations; daily_correlations
Notebook1 (163).ipynb,notebooks/99_archive/duplicates/dup_014__Notebook1_163.ipynb,portfolio_construction,indian_equities,unknown,daily,False,10,calculate_daily_correlation
Notebook1 (164).ipynb,notebooks/99_archive/duplicates/dup_015__Notebook1_164.ipynb,statistical_arbitrage,indian_equities,unknown,unknown,False,19,calculate_z_score; backtest
Notebook1 (165).ipynb,notebooks/04_indicators/indicators_001.ipynb,indicators,unknown,unknown,unknown,True,19,generate_signals; process_trade
Notebook1 (166).ipynb,notebooks/99_archive/duplicates/dup_016__Notebook1_166.ipynb,strategies,us_equities,unknown,1m,False,10,calculate_rsi; __init__; open_buy; open_sell; close_position; update; __init__; execute; generate_summary; calculate_rsi
Notebook1 (167).ipynb,notebooks/99_archive/duplicates/dup_017__Notebook1_167.ipynb,strategies,indian_equities,unknown,daily,False,27,calculate_daily_correlation; calculate_daily_correlation; compute_position_sizes; precompute_rolling_statistics; run_backtest; calculate_max_drawdown; simulate_cumulative_pnl; save_plot_as_image; plot_cumulative_pnl_and_drawdown; plot_drawdown
Notebook1 (168).ipynb,notebooks/99_archive/duplicates/dup_018__Notebook1_168.ipynb,visualization,unknown,unknown,unknown,False,15,close_position; close_position; trading_logic; walk_forward_optimization_quarterly
Notebook1 (169).ipynb,notebooks/99_archive/duplicates/dup_019__Notebook1_169.ipynb,visualization,unknown,unknown,unknown,False,15,close_position; close_position; trading_logic; walk_forward_optimization_quarterly
Notebook1 (17).ipynb,notebooks/99_archive/duplicates/dup_020__Notebook1_17.ipynb,strategies,forex,unknown,15m,False,11,resample_1hr_custom; compute_jma_indicator; process_ticker; backtest_trades; calculate_metrics; apply_strategy
Notebook1 (170).ipynb,notebooks/99_archive/duplicates/dup_021__Notebook1_170.ipynb,visualization,options,unknown,unknown,False,19,close_position; close_position; save_plot_as_image; plot_cumulative_pnl_and_drawdown; plot_drawdown; plot_pnl_distribution; plot_monthly_profit_heatmap; plot_yearly_returns; plot_quarterly_profit
Notebook1 (171).ipynb,notebooks/99_archive/duplicates/dup_022__Notebook1_171.ipynb,strategies,us_equities,unknown,unknown,False,19,adf_test; calculate_metrics; calculate_metrics
Notebook1 (172).ipynb,notebooks/99_archive/duplicates/dup_023__Notebook1_172.ipynb,visualization,indian_equities,unknown,unknown,False,23,save_plot_as_image; plot_cumulative_pnl_and_drawdown; plot_drawdown; plot_pnl_distribution; plot_monthly_profit_heatmap; plot_yearly_returns; plot_quarterly_profit
Notebook1 (173).ipynb,notebooks/05_strategies/by_market/crypto/multi_1h_jma_atr_012.ipynb,strategies,crypto,unknown,1h,True,14,resample_1hr_custom; create_example_configs; atr; compute_jma_indicator; __init__; calculate_position_size; get_stop_loss_distance; __init__; create_trade_record; __init__
Notebook1 (174).ipynb,notebooks/09_risk_management/risk-management_003.ipynb,risk_management,unknown,unknown,unknown,True,9,calculate_adx; calculate_mfi; process_ticker
Notebook1 (175).ipynb,notebooks/05_strategies/by_market/crypto/multi_1h_jma_atr_013.ipynb,strategies,crypto,unknown,1h,True,10,resample_1hr_custom; compute_jma_indicator; cy_backtest_trades; backtest_trades
Notebook1 (176).ipynb,notebooks/05_strategies/by_market/crypto/multi_1h_jma_atr_014.ipynb,strategies,crypto,unknown,1h,True,15,resample_1hr_custom; compute_jma_indicator; cy_backtest_trades; backtest_trades; calculate_metrics_fast
Notebook1 (177).ipynb,notebooks/05_strategies/by_market/crypto/multi_4h_jma_atr_015.ipynb,strategies,crypto,unknown,4h,True,11,resample_1hr_custom; __init__; compute_atr; compute_jma_and_signals; compute_atr_max; prepare_data; py_backtest_trades; calc_pnl; backtest_trades; __init__
Notebook1 (178).ipynb,notebooks/05_strategies/by_market/crypto/crypto_4h_jma_atr_001.ipynb,strategies,crypto,unknown,4h,True,9,resample_1hr_custom; __init__; compute_atr; compute_jma_and_signals; compute_atr_max; prepare_data_with_configs; py_backtest_trades; calc_pnl; backtest_trades; run_multi_ticker_backtest
Notebook1 (179).ipynb,notebooks/05_strategies/by_market/crypto/multi_1m_jma_atr_016.ipynb,strategies,crypto,unknown,1m,True,8,resample_1hr_custom; __init__; compute_atr; compute_jma_and_signals; compute_atr_max; map_signals_to_1min; backtest_1min_exits_numba; run_backtest; calculate_metrics; normalize_metric
Notebook1 (18).ipynb,notebooks/05_strategies/by_market/crypto/multi_4h_jma_atr_017.ipynb,strategies,crypto,unknown,4h,True,9,resample_1hr_custom; __init__; compute_atr; compute_jma_and_signals; compute_atr_max; prepare_data; py_backtest_trades; calc_pnl; backtest_trades; calculate_metrics
Notebook1 (180).ipynb,notebooks/05_strategies/by_market/crypto/multi_1m_jma_atr_018.ipynb,strategies,crypto,unknown,1m,True,8,resample_1hr_custom; __init__; compute_atr; compute_jma_and_signals; compute_atr_max; map_signals_to_1min; backtest_1min_exits_numba; run_backtest; calculate_metrics; normalize_metric
Notebook1 (181).ipynb,notebooks/21_experiments/experiments_010.ipynb,experiments,unknown,unknown,unknown,True,2,
Notebook1 (182).ipynb,notebooks/05_strategies/by_market/crypto/multi_1h_jma_atr_019.ipynb,strategies,crypto,unknown,1h,True,19,resample_1hr_custom; compute_jma_indicator; process_tickers; backtest_trades; calculate_metrics_fast; apply_strategy
Notebook1 (183).ipynb,notebooks/05_strategies/by_market/_unclassified/multi_1h_jma_atr_020.ipynb,strategies,unknown,unknown,1h,True,13,resample_1hr_custom; compute_jma_indicator; cy_process_ticker; backtest_trades; calculate_metrics_fast; apply_strategy
Notebook1 (184).ipynb,notebooks/05_strategies/by_market/crypto/multi_4h_jma_atr_021.ipynb,strategies,crypto,unknown,4h,True,10,resample_1hr_custom; __init__; compute_atr; compute_jma_and_signals; compute_atr_max; py_backtest_trades; calc_pnl; backtest_trades
Notebook1 (185).ipynb,notebooks/21_experiments/experiments_011.ipynb,experiments,unknown,unknown,unknown,True,1,
Notebook1 (186).ipynb,notebooks/21_experiments/experiments_012.ipynb,experiments,unknown,unknown,unknown,True,1,
Notebook1 (187).ipynb,notebooks/21_experiments/experiments_013.ipynb,experiments,unknown,unknown,unknown,True,1,
Notebook1 (188).ipynb,notebooks/21_experiments/experiments_014.ipynb,experiments,unknown,unknown,unknown,True,1,
Notebook1 (189).ipynb,notebooks/05_strategies/by_market/crypto/crypto_4h_strat_002.ipynb,strategies,crypto,unknown,4h,True,8,resample_1hr_custom; calculate_strategy_signals; prepare_backtest_data; backtest_single_ticker; run_backtest
Notebook1 (19).ipynb,notebooks/05_strategies/by_market/crypto/multi_1h_strat_022.ipynb,strategies,crypto,unknown,1h,True,11,resample_1hr_custom; compute_lhp_dsl_indicator; process_ticker; backtest_trades; calculate_metrics; apply_strategy
Notebook1 (190).ipynb,notebooks/05_strategies/by_market/crypto/multi_1h_jma_atr_023.ipynb,strategies,crypto,unknown,1h,True,15,resample_1hr_custom; compute_jma_indicator; cy_backtest_trades; backtest_trades; calculate_metrics_fast; __init__; __call__; tqdm_parallel; run_combo; backtest_trades
Notebook1 (191).ipynb,notebooks/99_archive/duplicates/dup_024__Notebook1_191.ipynb,strategies,unknown,unknown,1h,False,10,resample_1hr_custom; __init__; compute_atr; compute_jma_and_signals; compute_atr_max; cy_backtest_trades; backtest_trades
Notebook1 (192).ipynb,notebooks/99_archive/duplicates/dup_025__Notebook1_192.ipynb,strategies,unknown,unknown,1h,False,11,resample_1hr_custom; compute_jma_indicator; process_ticker; backtest_trades; calculate_metrics; apply_strategy
Notebook1 (193).ipynb,notebooks/99_archive/duplicates/dup_026__Notebook1_193.ipynb,strategies,unknown,unknown,1h,False,11,resample_1hr_custom; compute_jma_indicator; process_ticker; backtest_trades; calculate_metrics; apply_strategy
Notebook1 (194).ipynb,notebooks/05_strategies/by_market/crypto/multi_1h_jma_atr_024.ipynb,strategies,crypto,unknown,1h,True,12,resample_1hr_custom; compute_jma_indicator; cy_process_ticker; backtest_trades; calculate_metrics_fast; apply_strategy
Notebook1 (195).ipynb,notebooks/99_archive/duplicates/dup_027__Notebook1_195.ipynb,strategies,unknown,unknown,1h,False,14,resample_1hr_custom; compute_jma_indicator; compute_stats; evaluate_params; cy_process_ticker; backtest_trades; calculate_metrics_fast; apply_strategy
Notebook1 (196).ipynb,notebooks/05_strategies/by_market/_unclassified/multi_1h_jma_atr_025.ipynb,strategies,unknown,unknown,1h,True,11,resample_1hr_custom; compute_jma_indicator; process_ticker; backtest_trades; calculate_metrics_fast; apply_strategy
Notebook1 (197).ipynb,notebooks/05_strategies/by_market/forex/forex_1h_jma_atr_003.ipynb,strategies,forex,unknown,1h,True,13,resample_1hr_custom; compute_jma_indicator; process_tickers; backtest_trades; calculate_metrics; apply_strategy
Notebook1 (198).ipynb,notebooks/99_archive/duplicates/dup_028__Notebook1_198.ipynb,strategies,forex,unknown,1h,False,11,resample_1hr_custom; compute_jma_indicator; process_ticker; backtest_trades; price_to_pips; calculate_metrics; apply_strategy
Notebook1 (199).ipynb,notebooks/99_archive/duplicates/dup_029__Notebook1_199.ipynb,strategies,forex,unknown,15m,False,11,resample_1hr_custom; compute_jma_indicator; process_ticker; backtest_trades; calculate_metrics; apply_strategy
Notebook1 (2).ipynb,notebooks/99_archive/duplicates/dup_030__Notebook1_2.ipynb,risk_management,unknown,unknown,unknown,False,9,calculate_adx; calculate_mfi; process_ticker
Notebook1 (20).ipynb,notebooks/05_strategies/by_market/forex/forex_1h_strat_004.ipynb,strategies,forex,unknown,1h,True,11,resample_1hr_custom; compute_lhp_dsl_indicator; process_ticker; backtest_trades; calculate_metrics; apply_strategy
Notebook1 (200).ipynb,notebooks/05_strategies/by_market/forex/forex_15m_jma_atr_005.ipynb,strategies,forex,unknown,15m,True,11,resample_1hr_custom; compute_jma_indicator; process_ticker; backtest_trades; calculate_metrics; apply_strategy
Notebook1 (201).ipynb,notebooks/99_archive/duplicates/dup_031__Notebook1_201.ipynb,strategies,unknown,unknown,4h,False,9,resample_1hr_custom; __init__; compute_atr; compute_jma_and_signals; compute_atr_max; prepare_data; py_backtest_trades; calc_pnl; backtest_trades; calculate_metrics
Notebook1 (202).ipynb,notebooks/05_strategies/by_market/crypto/multi_4h_strat_026.ipynb,strategies,crypto,unknown,4h,True,8,resample_1hr_custom; compute_atr; compute_jma_signals; prepare_backtest_data; backtest_single_ticker; run_backtest; rolling_r2; rogers_satchell_vol; calculate_metrics_fast
Notebook1 (203).ipynb,notebooks/05_strategies/by_market/crypto/multi_strat_027.ipynb,strategies,crypto,unknown,unknown,True,8,resample_1hr_custom; compute_atr; compute_indicators; backtest_ticker; run_backtest; calculate_metrics
Notebook1 (204).ipynb,notebooks/05_strategies/by_market/commodities/multi_1h_strat_028.ipynb,strategies,commodities,unknown,1h,True,11,resample_1hr_custom; compute_lhp_dsl_indicator; process_ticker; backtest_trades; calculate_metrics; apply_strategy
Notebook1 (205).ipynb,notebooks/99_archive/duplicates/dup_032__Notebook1_205.ipynb,strategies,unknown,unknown,1h,False,11,resample_1hr_custom; compute_lhp_dsl_indicator; process_ticker; backtest_trades; calculate_metrics; apply_strategy
Notebook1 (206).ipynb,notebooks/99_archive/duplicates/dup_033__Notebook1_206.ipynb,strategies,unknown,unknown,1h,False,11,resample_1hr_custom; compute_lhp_dsl_indicator; process_ticker; backtest_trades; calculate_metrics; apply_strategy
Notebook1 (207).ipynb,notebooks/99_archive/duplicates/dup_034__Notebook1_207.ipynb,strategies,unknown,unknown,1h,False,11,resample_1hr_custom; compute_lhp_dsl_indicator; process_ticker; backtest_trades; calculate_metrics; apply_strategy
Notebook1 (208).ipynb,notebooks/99_archive/duplicates/dup_035__Notebook1_208.ipynb,strategies,forex,unknown,1h,False,11,resample_1hr_custom; compute_lhp_dsl_indicator; process_ticker; backtest_trades; calculate_metrics; apply_strategy
Notebook1 (209).ipynb,notebooks/05_strategies/by_market/_unclassified/multi_1h_strat_029.ipynb,strategies,unknown,unknown,1h,True,12,resample_1hr_custom; compute_lhp_dsl_indicator; process_ticker; backtest_trades; calculate_metrics; apply_strategy
Notebook1 (21).ipynb,notebooks/05_strategies/by_market/commodities/multi_1h_strat_030.ipynb,strategies,commodities,unknown,1h,True,11,resample_1hr_custom; compute_lhp_dsl_indicator; process_ticker; backtest_trades; calculate_metrics; apply_strategy
Notebook1 (210).ipynb,notebooks/99_archive/duplicates/dup_036__Notebook1_210.ipynb,strategies,forex,unknown,1h,False,11,resample_1hr_custom; compute_lhp_dsl_indicator; process_ticker; backtest_trades; calculate_metrics; apply_strategy
Notebook1 (211).ipynb,notebooks/99_archive/duplicates/dup_037__Notebook1_211.ipynb,strategies,forex,unknown,15m,False,11,resample_1hr_custom; compute_jma_indicator; process_ticker; backtest_trades; calculate_metrics; apply_strategy
Notebook1 (212).ipynb,notebooks/99_archive/duplicates/dup_038__Notebook1_212.ipynb,strategies,unknown,unknown,1h,False,12,resample_1hr_custom; compute_lhp_dsl_indicator; process_ticker; backtest_trades; calculate_metrics; apply_strategy
Notebook1 (213).ipynb,notebooks/05_strategies/by_market/crypto/multi_1h_strat_031.ipynb,strategies,crypto,unknown,1h,True,15,resample_1hr_custom; compute_ltpkamadsl_indicator; cy_backtest_trades; backtest_trades; calculate_metrics_fast; main
Notebook1 (214).ipynb,notebooks/05_strategies/by_market/crypto/multi_1h_strat_032.ipynb,strategies,crypto,unknown,1h,True,15,resample_1hr_custom; compute_ltpkamadsl_indicator; rolling_zscore; cy_backtest_trades; backtest_trades; calculate_metrics_fast; main
Notebook1 (215).ipynb,notebooks/05_strategies/by_market/forex/forex_strat_006.ipynb,strategies,forex,unknown,unknown,True,16,resample_1hr_custom; mean_reversion_signal; cy_backtest_trades; backtest_trades; calculate_metrics_fast; main
Notebook1 (216).ipynb,notebooks/05_strategies/by_market/indian_equities/multi_15m_strat_033.ipynb,strategies,indian_equities,unknown,15m,True,12,resample_1hr_custom; ema; dema; compute_normalized_dema; process_ticker; backtest_trades; plot_with_trade_paths; ema; dema; compute_custom_dema
Notebook1 (217).ipynb,notebooks/99_archive/duplicates/dup_039__Notebook1_217.ipynb,strategies,options,unknown,3m,False,12,resample_1hr_custom; compute_indicators; atr_vec; prepare_data; backtest_ticker_numba; run_backtest; calculate_metrics; rank_and_score; backtest_with_params; optimize_params
Notebook1 (218).ipynb,notebooks/05_strategies/by_market/crypto/multi_1h_jma_atr_034.ipynb,strategies,crypto,unknown,1h,True,15,resample_1hr_custom; compute_jma_indicator; cy_backtest_trades; backtest_trades; calculate_metrics_fast; main
Notebook1 (219).ipynb,notebooks/02_data_cleaning/data-cleaning_008.ipynb,data_cleaning,crypto,unknown,5m,True,5,validate; __init__; _get_symbol_info; _retry; get_account; get_balance; get_open_orders; cancel_all_orders; round_price; round_quantity
Notebook1 (22).ipynb,notebooks/99_archive/duplicates/dup_040__Notebook1_22.ipynb,strategies,forex,unknown,unknown,False,16,resample_1hr_custom; mean_reversion_signal; cy_backtest_trades; backtest_trades; calculate_metrics_fast; main
Notebook1 (220).ipynb,notebooks/19_visualization/visualization_007.ipynb,visualization,unknown,unknown,3m,True,19,preprocess_dataframe; plot_pnl_distribution; plot_pnl_by_exit_reason; plot_trade_summary; plot_total_pnl_by_ticker; plot_pnl_by_weekday; plot_exit_reason_stats; run_visualizations; plot_daily_pnl; monte_carlo_simulation
Notebook1 (221).ipynb,notebooks/99_archive/duplicates/dup_041__Notebook1_221.ipynb,data_cleaning,options,unknown,3m,False,20,preprocess_dataframe; plot_pnl_distribution; plot_pnl_by_exit_reason; plot_trade_summary; plot_total_pnl_by_ticker; plot_pnl_by_weekday; plot_exit_reason_stats; plot_win_rate_by_direction_per_ticker; plot_long_short_pnl_by_ticker; run_visualizations
Notebook1 (222).ipynb,notebooks/19_visualization/visualization_008.ipynb,visualization,unknown,unknown,unknown,True,9,
Notebook1 (223).ipynb,notebooks/21_experiments/experiments_015.ipynb,experiments,crypto,unknown,unknown,True,5,
Notebook1 (224).ipynb,notebooks/21_experiments/experiments_016.ipynb,experiments,unknown,unknown,unknown,True,3,
Notebook1 (225).ipynb,notebooks/21_experiments/experiments_017.ipynb,experiments,unknown,unknown,unknown,True,10,
Notebook1 (226).ipynb,notebooks/02_data_cleaning/data-cleaning_009.ipynb,data_cleaning,unknown,unknown,1m,True,8,
Notebook1 (227).ipynb,notebooks/02_data_cleaning/data-cleaning_010.ipynb,data_cleaning,unknown,unknown,4h,True,8,resample_1hr_custom
Notebook1 (228).ipynb,notebooks/21_experiments/experiments_018.ipynb,experiments,options,unknown,unknown,True,19,_install_if_not_exists; load_checkpoint; save_checkpoint; _resolve_sam2_config; _wget; _progress; _ensure_sam2_ckpt; _ensure_efficientnet_ckpt; _ensure_rtmpose_onnx; _find_onnx
Notebook1 (229).ipynb,notebooks/01_data_collection/data-collection_003.ipynb,data_collection,unknown,unknown,unknown,True,9,
Notebook1 (23).ipynb,notebooks/05_strategies/by_market/crypto/multi_1h_strat_035.ipynb,strategies,crypto,unknown,1h,True,11,resample_1hr_custom; rainflow_hilbert; process_ticker; backtest_trades; calculate_metrics; apply_strategy
Notebook1 (230).ipynb,notebooks/21_experiments/experiments_019.ipynb,experiments,unknown,unknown,unknown,True,1,
Notebook1 (231).ipynb,notebooks/21_experiments/experiments_020.ipynb,experiments,indian_equities,unknown,unknown,True,5,
Notebook1 (232).ipynb,notebooks/09_risk_management/risk-management_004.ipynb,risk_management,unknown,unknown,daily,True,2,header; add_section; add_image
Notebook1 (233).ipynb,notebooks/14_machine_learning/machine-learning_012.ipynb,machine_learning,unknown,unknown,unknown,True,8,adaptive_intraday_momentum_signal; label_signals; generate_features; predict_signals; align_signals_to_ohlcv; run_pipeline
Notebook1 (234).ipynb,notebooks/99_archive/duplicates/dup_042__Notebook1_234.ipynb,data_cleaning,options,unknown,3m,False,20,preprocess_dataframe; plot_pnl_distribution; plot_pnl_by_exit_reason; plot_trade_summary; plot_total_pnl_by_ticker; plot_pnl_by_weekday; plot_exit_reason_stats; plot_win_rate_by_direction_per_ticker; plot_long_short_pnl_by_ticker; run_visualizations
Notebook1 (235).ipynb,notebooks/21_experiments/experiments_021.ipynb,experiments,unknown,unknown,unknown,True,1,
Notebook1 (236).ipynb,notebooks/09_risk_management/risk-management_005.ipynb,risk_management,unknown,unknown,daily,True,6,compute_drawdown
Notebook1 (237).ipynb,notebooks/21_experiments/experiments_022.ipynb,experiments,unknown,unknown,unknown,True,1,
Notebook1 (238).ipynb,notebooks/99_archive/duplicates/dup_043__Notebook1_238.ipynb,indicators,unknown,unknown,unknown,False,19,generate_signals; process_trade
Notebook1 (24).ipynb,notebooks/99_archive/duplicates/dup_044__Notebook1_24.ipynb,strategies,unknown,unknown,15m,False,12,resample_1hr_custom; ema; dema; compute_normalized_dema; process_ticker; backtest_trades; plot_with_trade_paths; ema; dema; compute_custom_dema
Notebook1 (25).ipynb,notebooks/05_strategies/by_market/indian_equities/multi_1h_strat_036.ipynb,strategies,indian_equities,unknown,1h,True,12,resample_1hr_custom; cfba_jdmx_histogram; process_ticker; backtest_trades; calculate_metrics; apply_strategy; zero_lag_ma; detrend_with_zlma; goertzel; detect_strongest_cycle
Notebook1 (26).ipynb,notebooks/99_archive/duplicates/dup_045__Notebook1_26.ipynb,strategies,options,unknown,3m,False,12,resample_1hr_custom; compute_indicators; atr_vec; prepare_data; backtest_ticker_numba; run_backtest; calculate_metrics; rank_and_score; backtest_with_params; optimize_params
Notebook1 (27).ipynb,notebooks/02_data_cleaning/data-cleaning_011.ipynb,data_cleaning,unknown,unknown,unknown,True,3,
Notebook1 (28).ipynb,notebooks/99_archive/duplicates/dup_046__Notebook1_28.ipynb,risk_management,unknown,unknown,unknown,False,9,calculate_adx; calculate_mfi; process_ticker
Notebook1 (29).ipynb,notebooks/05_strategies/by_market/crypto/multi_1h_jma_atr_037.ipynb,strategies,crypto,unknown,1h,True,15,resample_1hr_custom; compute_jma_indicator; cy_backtest_trades; backtest_trades; calculate_metrics_fast; main
Notebook1 (3).ipynb,notebooks/21_experiments/experiments_023.ipynb,experiments,unknown,unknown,unknown,True,12,resize_batch; __init__; forward; get_fixed_regions; __init__; forward; extract_tokens_learned; __init__; forward; __init__
Notebook1 (30).ipynb,notebooks/05_strategies/by_market/crypto/multi_1h_jma_atr_038.ipynb,strategies,crypto,unknown,1h,True,15,resample_1hr_custom; compute_jma_indicator; cy_backtest_trades; backtest_trades; calculate_metrics_fast; main
Notebook1 (31).ipynb,notebooks/05_strategies/by_market/crypto/multi_1m_jma_atr_039.ipynb,strategies,crypto,unknown,1m,True,8,resample_1hr_custom; __init__; compute_atr; compute_jma_and_signals; compute_atr_max; map_signals_to_1min; backtest_1min_exits_numba; run_backtest; calculate_metrics; normalize_metric
Notebook1 (32).ipynb,notebooks/05_strategies/by_market/options/options_4h_jma_atr_002.ipynb,strategies,options,unknown,4h,True,10,resample_1hr_custom; compute_jma_and_signals; prepare_data; py_backtest_trades; calc_pnl; backtest_trades; compute_jma_fast; compute_normalized_jma_fast; compute_rs_volatility_fast; compute_rs_threshold_fast
Notebook1 (33).ipynb,notebooks/01_data_collection/data-collection_004.ipynb,data_collection,options,unknown,unknown,True,8,download_dresscode; download_deepfashion; verify_downloads; cleanup
Notebook1 (34).ipynb,notebooks/21_experiments/experiments_024.ipynb,experiments,unknown,unknown,unknown,True,15,vram_used; vram_report; is_installed; pip; ensure_sam2_configs; vram_report; extract_if_needed; copy_or_download; _sd_weights_valid; __init__
Notebook1 (35).ipynb,notebooks/21_experiments/experiments_025.ipynb,experiments,futures,unknown,unknown,True,23,__init__; segment; __init__; estimate; draw_pose; __init__; forward; to_shadow_map; run_stage1; _segment
Notebook1 (36).ipynb,notebooks/21_experiments/experiments_026.ipynb,experiments,unknown,unknown,unknown,True,14,load_and_resize; file_hash; process_dresscode; process_deepfashion; deduplicate; create_mask_placeholders; create_pose_placeholders; split_pairs; write_pairs_txt; save_metadata
Notebook1 (37).ipynb,notebooks/21_experiments/experiments_027.ipynb,experiments,options,unknown,unknown,True,17,vram_used; vram_report; is_installed; pip; ensure_sam2_configs; vram_report; extract_if_needed; copy_or_download; _sd_weights_valid; _sd_weights_valid
Notebook1 (38).ipynb,notebooks/21_experiments/experiments_028.ipynb,experiments,options,unknown,unknown,True,16,vram_used; vram_report; is_installed; pip; vram_report; extract_if_needed; copy_or_download; __init__; estimate; draw_pose
Notebook1 (39).ipynb,notebooks/21_experiments/experiments_029.ipynb,experiments,options,unknown,unknown,True,23,flatten_name; copy_and_resize; make_mask; quick_check; __init__; segment; __init__; estimate; draw_pose; __init__
Notebook1 (4).ipynb,notebooks/05_strategies/by_market/crypto/multi_1h_jma_atr_040.ipynb,strategies,crypto,unknown,1h,True,15,resample_1hr_custom; compute_jma_indicator; cy_backtest_trades; backtest_trades; calculate_metrics_fast; main
Notebook1 (40).ipynb,notebooks/05_strategies/by_market/_unclassified/multi_15m_strat_041.ipynb,strategies,unknown,unknown,15m,True,9,resample_1hr_custom; compute_kama_numba; compute_rs_vol_numba; compute_kama_indicator; process_ticker; backtest_trades; calculate_metrics; apply_strategy
Notebook1 (41).ipynb,notebooks/99_archive/duplicates/dup_047__Notebook1_41.ipynb,strategies,unknown,unknown,1h,False,11,resample_1hr_custom; compute_lhp_dsl_indicator; process_ticker; backtest_trades; calculate_metrics; apply_strategy
Notebook1 (42).ipynb,notebooks/99_archive/duplicates/dup_048__Notebook1_42.ipynb,strategies,unknown,unknown,1h,False,12,resample_1hr_custom; compute_lhp_dsl_indicator; process_ticker; backtest_trades; calculate_metrics; apply_strategy
Notebook1 (43).ipynb,notebooks/15_deep_learning/deep-learning_001.ipynb,deep_learning,unknown,unknown,unknown,True,13,_cosine_similarity; _adjacent_similarities; _normalize; _inverse_entropy; compute_signals; generate_insights; analyze_video
Notebook1 (44).ipynb,notebooks/05_strategies/by_market/crypto/multi_1m_jma_atr_042.ipynb,strategies,crypto,unknown,1m,True,8,resample_1hr_custom; __init__; compute_atr; compute_jma_and_signals; compute_atr_max; map_signals_to_1min; backtest_1min_exits_numba; run_backtest; calculate_metrics; normalize_metric
Notebook1 (45).ipynb,notebooks/99_archive/duplicates/dup_049__Notebook1_45.ipynb,strategies,unknown,unknown,1m,False,8,resample_1hr_custom; __init__; compute_atr; compute_jma_and_signals; compute_atr_max; map_signals_to_1min; backtest_1min_exits_numba; run_backtest; calculate_metrics; normalize_metric
Notebook1 (46).ipynb,notebooks/21_experiments/experiments_030.ipynb,experiments,unknown,unknown,unknown,True,33,r
Notebook1 (47).ipynb,notebooks/16_reinforcement_learning/reinforcement-learning_001.ipynb,reinforcement_learning,unknown,unknown,unknown,True,7,
Notebook1 (48).ipynb,notebooks/05_strategies/by_market/options/options_4h_jma_atr_003.ipynb,strategies,options,unknown,4h,True,10,resample_1hr_custom; compute_jma_and_signals; prepare_data; py_backtest_trades; calc_pnl; backtest_trades; compute_jma_fast; compute_normalized_jma_fast; compute_rs_volatility_fast; compute_rs_threshold_fast
Notebook1 (49).ipynb,notebooks/02_data_cleaning/data-cleaning_012.ipynb,data_cleaning,options,unknown,3m,True,20,plot_trade_summary; check_margin_call; monte_carlo_simulation
Notebook1 (5).ipynb,notebooks/05_strategies/by_market/crypto/multi_1h_jma_atr_043.ipynb,strategies,crypto,unknown,1h,True,15,resample_1hr_custom; compute_jma_indicator; cy_backtest_trades; backtest_trades; calculate_metrics_fast; main
Notebook1 (50).ipynb,notebooks/14_machine_learning/machine-learning_013.ipynb,machine_learning,unknown,unknown,daily,True,11,calculate_indicators; calculate_indicators; apply_trading_strategy; train_ml_model; live_trade_decision; backtest_and_live_trade; calculate_backtest_metrics; calculate_indicators; backtest_single_ticker; backtest_strategy
Notebook1 (51).ipynb,notebooks/99_archive/duplicates/dup_050__Notebook1_51.ipynb,strategies,crypto,unknown,4h,False,8,resample_1hr_custom; calculate_strategy_signals; prepare_backtest_data; backtest_single_ticker; run_backtest
Notebook1 (52).ipynb,notebooks/01_data_collection/data-collection_005.ipynb,data_collection,us_equities,unknown,unknown,True,31,
Notebook1 (53).ipynb,notebooks/04_indicators/indicators_002.ipynb,indicators,unknown,unknown,daily,True,6,compute_vwap; compute_obv; compute_breadth; compute_mfi; compute_atr; compute_hv
Notebook1 (54).ipynb,notebooks/14_machine_learning/machine-learning_014.ipynb,machine_learning,unknown,unknown,unknown,True,9,
Notebook1 (55).ipynb,notebooks/14_machine_learning/machine-learning_015.ipynb,machine_learning,unknown,unknown,unknown,True,12,
Notebook1 (56).ipynb,notebooks/21_experiments/experiments_031.ipynb,experiments,unknown,unknown,unknown,True,2,
Notebook1 (57).ipynb,notebooks/02_data_cleaning/data-cleaning_013.ipynb,data_cleaning,indian_equities,unknown,unknown,True,6,
Notebook1 (58).ipynb,notebooks/05_strategies/by_market/indian_equities/multi_strat_044.ipynb,strategies,indian_equities,unknown,unknown,True,4,
Notebook1 (59).ipynb,notebooks/05_strategies/by_market/indian_equities/multi_strat_045.ipynb,strategies,indian_equities,unknown,unknown,True,7,
Notebook1 (6).ipynb,notebooks/99_archive/duplicates/dup_051__Notebook1_6.ipynb,strategies,unknown,unknown,1m,False,8,resample_1hr_custom; __init__; compute_atr; compute_jma_and_signals; compute_atr_max; map_signals_to_1min; backtest_1min_exits_numba; run_backtest; calculate_metrics; normalize_metric
Notebook1 (60).ipynb,notebooks/99_archive/duplicates/dup_052__Notebook1_60.ipynb,strategies,unknown,unknown,1h,False,10,resample_1hr_custom; __init__; compute_atr; compute_jma_and_signals; compute_atr_max; cy_backtest_trades; backtest_trades
Notebook1 (61).ipynb,notebooks/99_archive/duplicates/dup_053__Notebook1_61.ipynb,strategies,unknown,unknown,4h,False,9,resample_1hr_custom; __init__; compute_atr; compute_jma_and_signals; compute_atr_max; prepare_data; py_backtest_trades; calc_pnl; backtest_trades; calculate_metrics
Notebook1 (62).ipynb,notebooks/99_archive/duplicates/dup_054__Notebook1_62.ipynb,strategies,unknown,unknown,4h,False,8,resample_1hr_custom; compute_atr; compute_jma_signals; prepare_backtest_data; backtest_single_ticker; run_backtest; rolling_r2; rogers_satchell_vol; calculate_metrics_fast
Notebook1 (63).ipynb,notebooks/05_strategies/by_market/indian_equities/multi_strat_046.ipynb,strategies,indian_equities,unknown,unknown,True,6,kalman_filter
Notebook1 (64).ipynb,notebooks/99_archive/duplicates/dup_055__Notebook1_64.ipynb,strategies,unknown,unknown,15m,False,9,resample_1hr_custom; compute_kama_numba; compute_rs_vol_numba; compute_kama_indicator; process_ticker; backtest_trades; calculate_metrics; apply_strategy
Notebook1 (65).ipynb,notebooks/14_machine_learning/machine-learning_016.ipynb,machine_learning,unknown,unknown,unknown,True,26,
Notebook1 (66).ipynb,notebooks/99_archive/duplicates/dup_056__Notebook1_66.ipynb,strategies,forex,unknown,1h,False,11,resample_1hr_custom; compute_lhp_dsl_indicator; process_ticker; backtest_trades; calculate_metrics; apply_strategy
Notebook1 (67).ipynb,notebooks/01_data_collection/data-collection_006.ipynb,data_collection,us_equities,unknown,unknown,True,15,
Notebook1 (68).ipynb,notebooks/05_strategies/by_market/us_equities/us_equities_strat_047.ipynb,strategies,us_equities,unknown,unknown,True,12,calculate_rsi; __init__; open_buy; open_sell; close_position; update; __init__; execute; generate_summary; calculate_rsi
Notebook1 (69).ipynb,notebooks/99_archive/duplicates/dup_057__Notebook1_69.ipynb,strategies,options,unknown,3m,False,12,resample_1hr_custom; compute_indicators; atr_vec; prepare_data; backtest_ticker_numba; run_backtest; calculate_metrics; rank_and_score; backtest_with_params; optimize_params
Notebook1 (7).ipynb,notebooks/99_archive/duplicates/dup_058__Notebook1_7.ipynb,strategies,unknown,unknown,1h,False,13,resample_1hr_custom; compute_jma_indicator; cy_process_ticker; backtest_trades; calculate_metrics_fast; apply_strategy
Notebook1 (70).ipynb,notebooks/19_visualization/visualization_009.ipynb,visualization,indian_equities,unknown,daily,True,13,
Notebook1 (71).ipynb,notebooks/99_archive/duplicates/dup_059__Notebook1_71.ipynb,risk_management,unknown,unknown,unknown,False,9,calculate_adx; calculate_mfi; process_ticker
Notebook1 (72).ipynb,notebooks/05_strategies/by_market/indian_equities/multi_strat_048.ipynb,strategies,indian_equities,unknown,unknown,True,6,calculate_pvs_vms; calculate_samx; process_ticker; backtest_trades
Notebook1 (73).ipynb,notebooks/02_data_cleaning/data-cleaning_014.ipynb,data_cleaning,crypto,unknown,1m,True,15,fetch_ohlcv_okx_safe; fetch_funding_okx_safe; merge_funding; calculate_position_sizes; calculate_pnl; run_backtest; generate_tradebook_summary; backtest_core; calculate_metrics; optimize_worker
Notebook1 (74).ipynb,notebooks/05_strategies/by_market/indian_equities/multi_strat_049.ipynb,strategies,indian_equities,intraday,unknown,True,7,process_ticker; backtest_trades; generate_signals; process_ticker; backtest_trades; grid_search_params; evaluate_params
Notebook1 (75).ipynb,notebooks/05_strategies/by_market/_unclassified/multi_strat_050.ipynb,strategies,unknown,unknown,unknown,True,10,range_detector; process_group; process_ticker; backtest_trades; range_detector; plot_range_boxes_with_trades; range_detector; process_group; process_ticker; backtest_trades
Notebook1 (76).ipynb,notebooks/05_strategies/by_market/crypto/crypto_1m_strat_003.ipynb,strategies,crypto,unknown,1m,True,21,fetch_ohlcv_okx_safe; fetch_funding_okx_safe; merge_funding; fetch_ohlcv_okx_spot_safe; backtest_core; calculate_metrics; optimize_worker; optimize; plot_results; print_summary
Notebook1 (77).ipynb,notebooks/05_strategies/by_market/crypto/crypto_strat_004.ipynb,strategies,crypto,unknown,unknown,True,10,process_ticker; backtest_trades
Notebook1 (78).ipynb,notebooks/99_archive/duplicates/dup_060__Notebook1_78.ipynb,strategies,unknown,unknown,1m,False,8,resample_1hr_custom; __init__; compute_atr; compute_jma_and_signals; compute_atr_max; map_signals_to_1min; backtest_1min_exits_numba; run_backtest; calculate_metrics; normalize_metric
Notebook1 (79).ipynb,notebooks/14_machine_learning/machine-learning_017.ipynb,machine_learning,unknown,unknown,unknown,True,2,initialize
Notebook1 (8).ipynb,notebooks/05_strategies/by_market/options/options_4h_jma_atr_004.ipynb,strategies,options,unknown,4h,True,10,resample_1hr_custom; compute_jma_and_signals; prepare_data; py_backtest_trades; calc_pnl; backtest_trades; compute_jma_fast; compute_normalized_jma_fast; compute_rs_volatility_fast; compute_rs_threshold_fast
Notebook1 (80).ipynb,notebooks/05_strategies/by_market/crypto/multi_4h_jma_atr_051.ipynb,strategies,crypto,unknown,4h,True,10,resample_1hr_custom; __init__; compute_atr; compute_jma_and_signals; compute_atr_max; cy_backtest_trades; backtest_trades
Notebook1 (81).ipynb,notebooks/05_strategies/by_market/futures/futures_4h_jma_atr_001.ipynb,strategies,futures,unknown,4h,True,8,resample_1hr_custom; __init__; compute_atr; compute_jma_and_signals; compute_atr_max; fast_backtest; backtest_trades; calculate_metrics; calculate_composite_score; run_backtest
Notebook1 (82).ipynb,notebooks/19_visualization/visualization_010.ipynb,visualization,unknown,unknown,unknown,True,12,plot_trade_summary; assign_time_slot; assign_time_slot
Notebook1 (83).ipynb,notebooks/99_archive/duplicates/dup_061__Notebook1_83.ipynb,visualization,unknown,unknown,unknown,False,12,plot_trade_summary; assign_time_slot; assign_time_slot
Notebook1 (84).ipynb,notebooks/99_archive/duplicates/dup_062__Notebook1_84.ipynb,experiments,unknown,unknown,unknown,False,1,
Notebook1 (85).ipynb,notebooks/99_archive/duplicates/dup_063__Notebook1_85.ipynb,machine_learning,unknown,unknown,daily,False,11,calculate_indicators; calculate_indicators; apply_trading_strategy; train_ml_model; live_trade_decision; backtest_and_live_trade; calculate_backtest_metrics; calculate_indicators; backtest_single_ticker; backtest_strategy
Notebook1 (86).ipynb,notebooks/05_strategies/by_market/crypto/crypto_strat_005.ipynb,strategies,crypto,unknown,unknown,True,17,calculate_pvs_vms; calculate_vms; calculate_samx; process_ticker; backtest_trades; apply_signals; process_ticker; backtest_trades; calculate_drawdown
Notebook1 (87).ipynb,notebooks/99_archive/duplicates/dup_064__Notebook1_87.ipynb,strategies,crypto,unknown,4h,False,8,resample_1hr_custom; calculate_strategy_signals; prepare_backtest_data; backtest_single_ticker; run_backtest
Notebook1 (88).ipynb,notebooks/05_strategies/by_market/indian_equities/multi_strat_052.ipynb,strategies,indian_equities,unknown,unknown,True,12,create_75min_candles; normalized_dema_strategy; ema; dema; process_ticker; backtest_trades; calculate_drawdown; evaluate_params; compute_norm_dema_for_group
Notebook1 (89).ipynb,notebooks/99_archive/duplicates/dup_065__Notebook1_89.ipynb,strategies,unknown,unknown,15m,False,12,resample_1hr_custom; adaptive_intraday_momentum_signal; process_ticker; backtest_trades; calculate_metrics; apply_strategy
Notebook1 (9).ipynb,notebooks/99_archive/duplicates/dup_066__Notebook1_9.ipynb,strategies,crypto,unknown,4h,False,8,resample_1hr_custom; calculate_strategy_signals; prepare_backtest_data; backtest_single_ticker; run_backtest
Notebook1 (90).ipynb,notebooks/05_strategies/by_market/_unclassified/multi_strat_053.ipynb,strategies,unknown,unknown,unknown,True,1,process_ticker; backtest_trades; calculate_quarterly_hpr; safe_profit_factor
Notebook1 (91).ipynb,notebooks/14_machine_learning/machine-learning_018.ipynb,machine_learning,unknown,unknown,unknown,True,14,
Notebook1 (92).ipynb,notebooks/99_archive/duplicates/dup_067__Notebook1_92.ipynb,strategies,unknown,unknown,1h,False,10,resample_1hr_custom; __init__; compute_atr; compute_jma_and_signals; compute_atr_max; cy_backtest_trades; backtest_trades
Notebook1 (93).ipynb,notebooks/99_archive/duplicates/dup_068__Notebook1_93.ipynb,strategies,unknown,unknown,1h,False,11,resample_1hr_custom; compute_jma_indicator; process_ticker; backtest_trades; calculate_metrics; apply_strategy
Notebook1 (94).ipynb,notebooks/99_archive/duplicates/dup_069__Notebook1_94.ipynb,strategies,unknown,unknown,1h,False,14,resample_1hr_custom; compute_jma_indicator; compute_stats; evaluate_params; cy_process_ticker; backtest_trades; calculate_metrics_fast; apply_strategy
Notebook1 (95).ipynb,notebooks/99_archive/duplicates/dup_070__Notebook1_95.ipynb,strategies,unknown,unknown,15m,False,11,resample_1hr_custom; compute_jma_indicator; process_ticker; backtest_trades; calculate_metrics; apply_strategy
Notebook1 (96).ipynb,notebooks/99_archive/duplicates/dup_071__Notebook1_96.ipynb,strategies,forex,unknown,15m,False,11,resample_1hr_custom; compute_jma_indicator; process_ticker; backtest_trades; calculate_metrics; apply_strategy
Notebook1 (97).ipynb,notebooks/99_archive/duplicates/dup_072__Notebook1_97.ipynb,strategies,unknown,unknown,4h,False,9,resample_1hr_custom; __init__; compute_atr; compute_jma_and_signals; compute_atr_max; prepare_data; py_backtest_trades; calc_pnl; backtest_trades; calculate_metrics
Notebook1 (98).ipynb,notebooks/99_archive/duplicates/dup_073__Notebook1_98.ipynb,strategies,unknown,unknown,unknown,False,8,resample_1hr_custom; compute_atr; compute_indicators; backtest_ticker; run_backtest; calculate_metrics
Notebook1 (99).ipynb,notebooks/99_archive/duplicates/dup_074__Notebook1_99.ipynb,strategies,unknown,unknown,15m,False,9,resample_1hr_custom; compute_kama_numba; compute_rs_vol_numba; compute_kama_indicator; process_ticker; backtest_trades; calculate_metrics; apply_strategy
