strategy_id,params,n_trades,n_tickers,flat_mean_ret,flat_win_rate,realistic_mean_ret,realistic_win_rate,realistic_dsr
forex_jma_atr_1m,"[('fast', 7), ('sl_mult', 1.0), ('slow', 21), ('tp_mult', 1.5)]",1138122,8,-0.0006915712098023901,0.01122990329683461,-9.132155329254961e-05,0.373996812292531,0.0
forex_jma_atr_1m,"[('fast', 7), ('sl_mult', 1.0), ('slow', 21), ('tp_mult', 2.0)]",1019080,8,-0.0006836186443622849,0.0250932213368921,-8.33794328256293e-05,0.34990579738587746,0.0
forex_jma_atr_1m,"[('fast', 7), ('sl_mult', 1.0), ('slow', 21), ('tp_mult', 3.0)]",828998,8,-0.0006726844125837583,0.0628155918349622,-7.251485662510069e-05,0.28969671820679904,0.0
forex_jma_atr_1m,"[('fast', 7), ('sl_mult', 1.0), ('slow', 21), ('tp_mult', 4.0)]",686923,8,-0.0006659441242436572,0.09468892437725916,-6.580693752422873e-05,0.24154235627573978,0.0
forex_jma_atr_1m,"[('fast', 7), ('sl_mult', 1.5), ('slow', 21), ('tp_mult', 1.5)]",939096,8,-0.0007011593100838585,0.01373767964084609,-0.00010090388346458067,0.4452303065927232,0.0
forex_jma_atr_1m,"[('fast', 7), ('sl_mult', 1.5), ('slow', 21), ('tp_mult', 2.0)]",824617,8,-0.000692354130339543,0.03144732645579706,-9.2092354416484e-05,0.4233165214881575,0.0
forex_jma_atr_1m,"[('fast', 7), ('sl_mult', 1.5), ('slow', 21), ('tp_mult', 3.0)]",647555,8,-0.0006794212920602965,0.08170116824053555,-7.92819851982118e-05,0.3591108091204608,0.0
forex_jma_atr_1m,"[('fast', 7), ('sl_mult', 1.5), ('slow', 21), ('tp_mult', 4.0)]",521043,8,-0.0006708059532002042,0.12538696422368212,-7.07352423164258e-05,0.3053567555844719,0.0
forex_jma_atr_1m,"[('fast', 7), ('sl_mult', 2.0), ('slow', 21), ('tp_mult', 1.5)]",808234,8,-0.000708410576048529,0.01597557143104596,-0.00010816919520699887,0.5008227815211931,0.0
forex_jma_atr_1m,"[('fast', 7), ('sl_mult', 2.0), ('slow', 21), ('tp_mult', 2.0)]",697108,8,-0.0006993867811489462,0.036968446782994886,-9.91358439151228e-05,0.4816771576283732,0.0
forex_jma_atr_1m,"[('fast', 7), ('sl_mult', 2.0), ('slow', 21), ('tp_mult', 3.0)]",531138,8,-0.0006855740450970245,0.09851112140347706,-8.544112405801183e-05,0.4158881495957736,0.0
forex_jma_atr_1m,"[('fast', 7), ('sl_mult', 2.0), ('slow', 21), ('tp_mult', 4.0)]",417406,8,-0.00067578116605343,0.1534213691226288,-7.565961224947469e-05,0.35887121890916757,0.0
forex_jma_atr_4h,"[('fast', 5), ('sl_mult', 1.0), ('slow', 21), ('tp_mult', 1.5)]",4575,8,-0.00040599520619581246,0.4397814207650273,0.00022819358264651295,0.44021857923497265,0.8865914510667908
forex_jma_atr_4h,"[('fast', 5), ('sl_mult', 1.0), ('slow', 21), ('tp_mult', 2.0)]",4079,8,-0.00027725989491696125,0.38244667810737926,0.00036788835269419506,0.3829369943613631,0.9904046262814793
forex_jma_atr_4h,"[('fast', 5), ('sl_mult', 1.0), ('slow', 21), ('tp_mult', 3.0)]",3328,8,-1.7046323841555174e-05,0.30258413461538464,0.0006438153058313645,0.30318509615384615,0.99986260830067
forex_jma_atr_4h,"[('fast', 5), ('sl_mult', 1.0), ('slow', 21), ('tp_mult', 4.0)]",2814,8,5.5937833600236e-05,0.24555792466240228,0.000731742461689924,0.2459132906894101,0.9987110264242186
forex_jma_atr_4h,"[('fast', 5), ('sl_mult', 1.0), ('slow', 28), ('tp_mult', 1.5)]",4112,8,-0.000486723694417436,0.4282587548638132,0.00014920283370899957,0.428988326848249,0.4292291501417435
forex_jma_atr_4h,"[('fast', 5), ('sl_mult', 1.0), ('slow', 28), ('tp_mult', 2.0)]",3688,8,-0.00032095178287384137,0.37283080260303686,0.00032286576919536174,0.37364425162689807,0.9361189983283595
forex_jma_atr_4h,"[('fast', 5), ('sl_mult', 1.0), ('slow', 28), ('tp_mult', 3.0)]",3093,8,1.631319983580831e-05,0.3042353701907533,0.0006790440304509197,0.30488199159392176,0.999918027035392
forex_jma_atr_4h,"[('fast', 5), ('sl_mult', 1.0), ('slow', 28), ('tp_mult', 4.0)]",2616,8,4.909796579837473e-06,0.24426605504587157,0.0006858608836858656,0.24503058103975536,0.9943896656444456
forex_jma_atr_4h,"[('fast', 5), ('sl_mult', 1.5), ('slow', 21), ('tp_mult', 1.5)]",3863,8,-0.000576363588154888,0.5122961428941237,7.138495919103552e-05,0.5130727413927,0.05867656063353019
forex_jma_atr_4h,"[('fast', 5), ('sl_mult', 1.5), ('slow', 21), ('tp_mult', 2.0)]",3369,8,-0.00035467382181527237,0.46067082220243394,0.0003060094940094707,0.4615612941525675,0.6935419399652566
forex_jma_atr_4h,"[('fast', 5), ('sl_mult', 1.5), ('slow', 21), ('tp_mult', 3.0)]",2677,8,-1.0575331591889464e-05,0.3750466940605155,0.000674714748354611,0.37616735151288755,0.986602999887605
forex_jma_atr_4h,"[('fast', 5), ('sl_mult', 1.5), ('slow', 21), ('tp_mult', 4.0)]",2204,8,-5.889582516690574e-05,0.3017241379310345,0.0006544764024012988,0.3026315789473684,0.8554834207248152
forex_jma_atr_4h,"[('fast', 5), ('sl_mult', 1.5), ('slow', 28), ('tp_mult', 1.5)]",3487,8,-0.0006475879229633252,0.5032979638657872,2.5124506040088275e-07,0.504445081732148,0.007977524329177069
forex_jma_atr_4h,"[('fast', 5), ('sl_mult', 1.5), ('slow', 28), ('tp_mult', 2.0)]",3081,8,-0.00036323863517979764,0.4537487828627069,0.0002961277723022027,0.45504706264199934,0.6146712369657594
forex_jma_atr_4h,"[('fast', 5), ('sl_mult', 1.5), ('slow', 28), ('tp_mult', 3.0)]",2521,8,-0.00014256538437364412,0.3649345497818326,0.0005417230943290776,0.3657278857596192,0.8858000966025232
forex_jma_atr_4h,"[('fast', 5), ('sl_mult', 1.5), ('slow', 28), ('tp_mult', 4.0)]",2072,8,-0.0001498599239530627,0.2972972972972973,0.0005605567515665991,0.2982625482625483,0.6799117903989
forex_jma_atr_4h,"[('fast', 5), ('sl_mult', 2.0), ('slow', 21), ('tp_mult', 1.5)]",3350,8,-0.0006762574446033343,0.573134328358209,-1.6634346944725567e-05,0.5737313432835821,0.005074105458863309
forex_jma_atr_4h,"[('fast', 5), ('sl_mult', 2.0), ('slow', 21), ('tp_mult', 2.0)]",2855,8,-0.0005199303013997987,0.5148861646234676,0.00015583486440100635,0.5155866900175131,0.10800104614219136
forex_jma_atr_4h,"[('fast', 5), ('sl_mult', 2.0), ('slow', 21), ('tp_mult', 3.0)]",2216,8,-0.00027413716808803783,0.421028880866426,0.00042994975120847563,0.4214801444043321,0.44884663401529584
forex_jma_atr_4h,"[('fast', 5), ('sl_mult', 2.0), ('slow', 21), ('tp_mult', 4.0)]",1820,8,-0.0003399286101761525,0.34615384615384615,0.000398517884860026,0.3467032967032967,0.21851535690627838
forex_jma_atr_4h,"[('fast', 5), ('sl_mult', 2.0), ('slow', 28), ('tp_mult', 1.5)]",3038,8,-0.0007341740218781437,0.56550362080316,-7.459627216236684e-05,0.5668202764976958,0.0009996626457521559
forex_jma_atr_4h,"[('fast', 5), ('sl_mult', 2.0), ('slow', 28), ('tp_mult', 2.0)]",2653,8,-0.000508123391690526,0.5099886920467396,0.000165716091319816,0.5114964191481342,0.11440767044544692
forex_jma_atr_4h,"[('fast', 5), ('sl_mult', 2.0), ('slow', 28), ('tp_mult', 3.0)]",2141,8,-0.0001842650551184055,0.42316674451191033,0.0005191631126823853,0.4241008874357777,0.6263736088304672
forex_jma_atr_4h,"[('fast', 5), ('sl_mult', 2.0), ('slow', 28), ('tp_mult', 4.0)]",1745,8,-0.0003929861241294112,0.34212034383954154,0.00033847442795691916,0.34326647564469914,0.14776779696109515
forex_jma_atr_4h,"[('fast', 7), ('sl_mult', 1.0), ('slow', 21), ('tp_mult', 1.5)]",4450,8,-0.0003905809133383913,0.4397752808988764,0.0002451086512689706,0.4402247191011236,0.9216717252337886
forex_jma_atr_4h,"[('fast', 7), ('sl_mult', 1.0), ('slow', 21), ('tp_mult', 2.0)]",3968,8,-0.0002507022520847685,0.3840725806451613,0.0003947135501399039,0.3845766129032258,0.9955572119759895
forex_jma_atr_4h,"[('fast', 7), ('sl_mult', 1.0), ('slow', 21), ('tp_mult', 3.0)]",3228,8,-4.897617952985087e-05,0.30018587360594795,0.0006158945547853937,0.30018587360594795,0.9994988485840258
forex_jma_atr_4h,"[('fast', 7), ('sl_mult', 1.0), ('slow', 21), ('tp_mult', 4.0)]",2716,8,3.424682467654719e-05,0.24447717231222385,0.000712012381741218,0.24447717231222385,0.9973283566402668
forex_jma_atr_4h,"[('fast', 7), ('sl_mult', 1.0), ('slow', 28), ('tp_mult', 1.5)]",4028,8,-0.00043559843834948967,0.43073485600794437,0.00020117159344087106,0.4312313803376365,0.7149196693394432
forex_jma_atr_4h,"[('fast', 7), ('sl_mult', 1.0), ('slow', 28), ('tp_mult', 2.0)]",3626,8,-0.00028382729927520526,0.3739658025372311,0.00036050128848324803,0.3745173745173745,0.9763272247940948
forex_jma_atr_4h,"[('fast', 7), ('sl_mult', 1.0), ('slow', 28), ('tp_mult', 3.0)]",3021,8,-9.499763370632022e-05,0.29328037073816615,0.0005716872428637601,0.2939424031777557,0.9968684602003135
forex_jma_atr_4h,"[('fast', 7), ('sl_mult', 1.0), ('slow', 28), ('tp_mult', 4.0)]",2523,8,2.229029763871373e-06,0.2413793103448276,0.0006884958759996285,0.24217201743955608,0.9931375629088116
forex_jma_atr_4h,"[('fast', 7), ('sl_mult', 1.5), ('slow', 21), ('tp_mult', 1.5)]",3732,8,-0.0005562268262484385,0.5131296891747053,9.317551053494508e-05,0.5136655948553055,0.0930954955964341
forex_jma_atr_4h,"[('fast', 7), ('sl_mult', 1.5), ('slow', 21), ('tp_mult', 2.0)]",3273,8,-0.00030887025386280615,0.46379468377635197,0.0003521794552850325,0.4644057439657806,0.8194085788158434
forex_jma_atr_4h,"[('fast', 7), ('sl_mult', 1.5), ('slow', 21), ('tp_mult', 3.0)]",2613,8,-8.77616758914485e-05,0.3723689246077306,0.0005992950927313462,0.3727516264829698,0.9494398789785311
forex_jma_atr_4h,"[('fast', 7), ('sl_mult', 1.5), ('slow', 21), ('tp_mult', 4.0)]",2163,8,-1.185816005524496e-05,0.30513176144244103,0.0007011621935915119,0.3055940822931114,0.8990730991308389
forex_jma_atr_4h,"[('fast', 7), ('sl_mult', 1.5), ('slow', 28), ('tp_mult', 1.5)]",3393,8,-0.0005355320964335177,0.5122310639552019,0.00011347682059869503,0.5131152372531683,0.12479983360369135
forex_jma_atr_4h,"[('fast', 7), ('sl_mult', 1.5), ('slow', 28), ('tp_mult', 2.0)]",3025,8,-0.00029944744290800015,0.4575206611570248,0.0003600343047909987,0.4585123966942149,0.804297097256852
forex_jma_atr_4h,"[('fast', 7), ('sl_mult', 1.5), ('slow', 28), ('tp_mult', 3.0)]",2465,8,-9.962757996666067e-05,0.36551724137931035,0.0005865005726556412,0.3663286004056795,0.9262505756632683
forex_jma_atr_4h,"[('fast', 7), ('sl_mult', 1.5), ('slow', 28), ('tp_mult', 4.0)]",1996,8,-8.685217076104716e-05,0.2970941883767535,0.000628196864383902,0.29809619238476953,0.7732134408841618
forex_jma_atr_4h,"[('fast', 7), ('sl_mult', 2.0), ('slow', 21), ('tp_mult', 1.5)]",3266,8,-0.0006789332820814978,0.57103490508267,-1.9042297693943886e-05,0.5713410900183711,0.004770763013835806
forex_jma_atr_4h,"[('fast', 7), ('sl_mult', 2.0), ('slow', 21), ('tp_mult', 2.0)]",2810,8,-0.0004751283130638048,0.5167259786476869,0.0002004450403702746,0.5174377224199288,0.1823707362051188
forex_jma_atr_4h,"[('fast', 7), ('sl_mult', 2.0), ('slow', 21), ('tp_mult', 3.0)]",2190,8,-0.00019481562874842947,0.42420091324200915,0.0005097661439520609,0.4246575342465753,0.6114790136875421
forex_jma_atr_4h,"[('fast', 7), ('sl_mult', 2.0), ('slow', 21), ('tp_mult', 4.0)]",1817,8,-0.00023276161749663434,0.3500275178866263,0.0005008641586568629,0.35057787561915243,0.3660788363924874
forex_jma_atr_4h,"[('fast', 7), ('sl_mult', 2.0), ('slow', 28), ('tp_mult', 1.5)]",2959,8,-0.0006398873385121987,0.5738425143629604,2.0880127594607243e-05,0.5748563703954038,0.012986333636520487
forex_jma_atr_4h,"[('fast', 7), ('sl_mult', 2.0), ('slow', 28), ('tp_mult', 2.0)]",2585,8,-0.000446508190649624,0.5137330754352031,0.00022761799088105315,0.5148936170212766,0.2200629349942479
forex_jma_atr_4h,"[('fast', 7), ('sl_mult', 2.0), ('slow', 28), ('tp_mult', 3.0)]",2091,8,-0.0002924847857997404,0.41559062649450024,0.00041242290312332316,0.4165471066475371,0.39173041203868597
forex_jma_atr_4h,"[('fast', 7), ('sl_mult', 2.0), ('slow', 28), ('tp_mult', 4.0)]",1694,8,-0.000352675064284228,0.3435655253837072,0.0003858786334695946,0.3447461629279811,0.18900774904402423
forex_jma_atr_4h,"[('fast', 9), ('sl_mult', 1.0), ('slow', 21), ('tp_mult', 1.5)]",4367,8,-0.0003750154198250661,0.44034806503320356,0.0002622405388354202,0.44080604534005036,0.9472122039590362
forex_jma_atr_4h,"[('fast', 9), ('sl_mult', 1.0), ('slow', 21), ('tp_mult', 2.0)]",3894,8,-0.00019339088640011714,0.38495120698510527,0.00045260607306553456,0.3854648176682075,0.9995184899285792
forex_jma_atr_4h,"[('fast', 9), ('sl_mult', 1.0), ('slow', 21), ('tp_mult', 3.0)]",3154,8,5.155833899890402e-05,0.30500951173113505,0.0007166788006130398,0.30500951173113505,0.9999845751717298
forex_jma_atr_4h,"[('fast', 9), ('sl_mult', 1.0), ('slow', 21), ('tp_mult', 4.0)]",2650,8,0.00012397090914609624,0.24754716981132074,0.0008071827858177689,0.24754716981132074,0.9997171305651893
forex_jma_atr_4h,"[('fast', 9), ('sl_mult', 1.0), ('slow', 28), ('tp_mult', 1.5)]",4006,8,-0.00044318740187682034,0.4326010983524713,0.00019479900714722335,0.4331003494757863,0.6842423524381195
forex_jma_atr_4h,"[('fast', 9), ('sl_mult', 1.0), ('slow', 28), ('tp_mult', 2.0)]",3629,8,-0.00029030509593973747,0.37365665472581977,0.00035599352105934485,0.37420777073573985,0.9739114783274425
forex_jma_atr_4h,"[('fast', 9), ('sl_mult', 1.0), ('slow', 28), ('tp_mult', 3.0)]",2989,8,-0.0001413082202684268,0.28839076614252257,0.0005274833154370037,0.2890598862495818,0.9892606127439878
forex_jma_atr_4h,"[('fast', 9), ('sl_mult', 1.0), ('slow', 28), ('tp_mult', 4.0)]",2524,8,5.690057571017777e-05,0.24088748019017434,0.0007477478460073302,0.24167987321711568,0.997903028657835
forex_jma_atr_4h,"[('fast', 9), ('sl_mult', 1.5), ('slow', 21), ('tp_mult', 1.5)]",3659,8,-0.0005069072291999241,0.5181743645804865,0.0001427968312244475,0.5189942607269746,0.21883570574305938
forex_jma_atr_4h,"[('fast', 9), ('sl_mult', 1.5), ('slow', 21), ('tp_mult', 2.0)]",3217,8,-0.0002227740264217796,0.46782716816910164,0.0004402707560494754,0.468448865402549,0.9558257884890485
forex_jma_atr_4h,"[('fast', 9), ('sl_mult', 1.5), ('slow', 21), ('tp_mult', 3.0)]",2555,8,3.668124212085406e-05,0.37690802348336594,0.000726582778147502,0.37690802348336594,0.9928075717183309
forex_jma_atr_4h,"[('fast', 9), ('sl_mult', 1.5), ('slow', 21), ('tp_mult', 4.0)]",2093,8,-4.004813674675609e-05,0.30387004300047776,0.0006722885602420566,0.30387004300047776,0.8545767000994795
forex_jma_atr_4h,"[('fast', 9), ('sl_mult', 1.5), ('slow', 28), ('tp_mult', 1.5)]",3333,8,-0.0006212109162940755,0.504950495049505,2.8146020887165588e-05,0.5058505850585059,0.017747054461972018
forex_jma_atr_4h,"[('fast', 9), ('sl_mult', 1.5), ('slow', 28), ('tp_mult', 2.0)]",2994,8,-0.00038232362269748435,0.44789579158316634,0.00027825689180736716,0.44889779559118237,0.5374310258233884
forex_jma_atr_4h,"[('fast', 9), ('sl_mult', 1.5), ('slow', 28), ('tp_mult', 3.0)]",2426,8,-0.0002769133715024199,0.354080791426216,0.00041189704823335534,0.3553173948887057,0.6032291908049296
forex_jma_atr_4h,"[('fast', 9), ('sl_mult', 1.5), ('slow', 28), ('tp_mult', 4.0)]",2009,8,-4.6369348789966415e-05,0.2986560477849676,0.0006700238170346503,0.3001493280238925,0.8377193212582115
forex_jma_atr_4h,"[('fast', 9), ('sl_mult', 2.0), ('slow', 21), ('tp_mult', 1.5)]",3165,8,-0.0005838871594426099,0.5781990521327014,7.861517944983056e-05,0.5791469194312796,0.04509040679987874
forex_jma_atr_4h,"[('fast', 9), ('sl_mult', 2.0), ('slow', 21), ('tp_mult', 2.0)]",2743,8,-0.0003721183099975208,0.5213270142180095,0.00030528391053266874,0.5224207072548305,0.4414836588736981
forex_jma_atr_4h,"[('fast', 9), ('sl_mult', 2.0), ('slow', 21), ('tp_mult', 3.0)]",2147,8,-7.341640219516921e-05,0.43083372147182114,0.0006355749327714419,0.4312994876571961,0.8224238876440886
forex_jma_atr_4h,"[('fast', 9), ('sl_mult', 2.0), ('slow', 21), ('tp_mult', 4.0)]",1756,8,-0.0001943791473325052,0.3468109339407745,0.0005438240181938935,0.34738041002277903,0.4158433714481652
forex_jma_atr_4h,"[('fast', 9), ('sl_mult', 2.0), ('slow', 28), ('tp_mult', 1.5)]",2913,8,-0.0007439933339869382,0.5647099210435976,-8.149920857533258e-05,0.5657397871610024,0.0008483230524136778
forex_jma_atr_4h,"[('fast', 9), ('sl_mult', 2.0), ('slow', 28), ('tp_mult', 2.0)]",2563,8,-0.0005507949786621487,0.5048770971517753,0.00012536991069220292,0.5060476004682013,0.06499893724255475
forex_jma_atr_4h,"[('fast', 9), ('sl_mult', 2.0), ('slow', 28), ('tp_mult', 3.0)]",2048,8,-0.0005844299042324652,0.39892578125,0.000123523834087213,0.39990234375,0.0372261721004883
forex_jma_atr_4h,"[('fast', 9), ('sl_mult', 2.0), ('slow', 28), ('tp_mult', 4.0)]",1705,8,-0.00015531540856756227,0.3530791788856305,0.0005852074312642402,0.35425219941348973,0.47192636722289033
forex_jma_atr_daily,"[('fast', 5), ('sl_mult', 1.0), ('slow', 21), ('tp_mult', 1.5)]",929,8,-0.0006554916547221672,0.3961248654467169,0.00012428186016853027,0.3961248654467169,0.021040406811687215
forex_jma_atr_daily,"[('fast', 5), ('sl_mult', 1.0), ('slow', 21), ('tp_mult', 2.0)]",835,8,2.5485551476734478e-05,0.35808383233532937,0.0008566762905980569,0.35808383233532937,0.3985064834713426
forex_jma_atr_daily,"[('fast', 5), ('sl_mult', 1.0), ('slow', 21), ('tp_mult', 3.0)]",659,8,0.0007431774715726092,0.28072837632776937,0.0016956272554317893,0.28072837632776937,0.713074102412924
forex_jma_atr_daily,"[('fast', 5), ('sl_mult', 1.0), ('slow', 21), ('tp_mult', 4.0)]",554,8,0.0016372364670736146,0.24007220216606498,0.002695518301621326,0.24007220216606498,0.8939615741639777
forex_jma_atr_daily,"[('fast', 5), ('sl_mult', 1.0), ('slow', 28), ('tp_mult', 1.5)]",817,8,-0.00021649418496501592,0.4149326805385557,0.0005735390565530993,0.4149326805385557,0.22347177438784693
forex_jma_atr_daily,"[('fast', 5), ('sl_mult', 1.0), ('slow', 28), ('tp_mult', 2.0)]",743,8,0.0003545490287676508,0.37012113055181695,0.0012222098972504332,0.37012113055181695,0.6874358892687212
forex_jma_atr_daily,"[('fast', 5), ('sl_mult', 1.0), ('slow', 28), ('tp_mult', 3.0)]",603,8,0.0013264749663339484,0.29850746268656714,0.002305148333873238,0.29850746268656714,0.9342169186214848
forex_jma_atr_daily,"[('fast', 5), ('sl_mult', 1.0), ('slow', 28), ('tp_mult', 4.0)]",490,8,0.0019798361031298497,0.24489795918367346,0.003092929628185556,0.24489795918367346,0.9389890108560933
forex_jma_atr_daily,"[('fast', 5), ('sl_mult', 1.5), ('slow', 21), ('tp_mult', 1.5)]",769,8,-0.0008186723953301512,0.4889466840052016,3.499004588488247e-05,0.4889466840052016,0.009816779964813584
forex_jma_atr_daily,"[('fast', 5), ('sl_mult', 1.5), ('slow', 21), ('tp_mult', 2.0)]",666,8,0.00018180879188848048,0.45345345345345345,0.0011194857182850366,0.45345345345345345,0.354450057615475
forex_jma_atr_daily,"[('fast', 5), ('sl_mult', 1.5), ('slow', 21), ('tp_mult', 3.0)]",495,8,0.000361057401712053,0.3414141414141414,0.0015117200604872819,0.3414141414141414,0.28187665879233476
forex_jma_atr_daily,"[('fast', 5), ('sl_mult', 1.5), ('slow', 21), ('tp_mult', 4.0)]",412,8,0.001543410983156277,0.30097087378640774,0.002846208734566724,0.30339805825242716,0.5990644528187027
forex_jma_atr_daily,"[('fast', 5), ('sl_mult', 1.5), ('slow', 28), ('tp_mult', 1.5)]",674,8,-0.0005604403485814329,0.4970326409495549,0.0002950555610446313,0.4970326409495549,0.03723126905401196
forex_jma_atr_daily,"[('fast', 5), ('sl_mult', 1.5), ('slow', 28), ('tp_mult', 2.0)]",585,8,9.80424013733264e-05,0.4478632478632479,0.001083721515837046,0.4478632478632479,0.27848098391139875
forex_jma_atr_daily,"[('fast', 5), ('sl_mult', 1.5), ('slow', 28), ('tp_mult', 3.0)]",466,8,0.0003830060360182976,0.34763948497854075,0.0015162437518536857,0.34763948497854075,0.268158582693402
forex_jma_atr_daily,"[('fast', 5), ('sl_mult', 1.5), ('slow', 28), ('tp_mult', 4.0)]",385,8,0.0013506646689370615,0.2987012987012987,0.002691779919989308,0.3012987012987013,0.5048743210571515
forex_jma_atr_daily,"[('fast', 5), ('sl_mult', 2.0), ('slow', 21), ('tp_mult', 1.5)]",670,8,-0.0012831792190346946,0.5402985074626866,-0.0003621885272533078,0.5402985074626866,0.0010427021772613726
forex_jma_atr_daily,"[('fast', 5), ('sl_mult', 2.0), ('slow', 21), ('tp_mult', 2.0)]",580,8,-2.642199805381372e-05,0.5120689655172413,0.0009947698245583079,0.5120689655172413,0.17107954766977523
forex_jma_atr_daily,"[('fast', 5), ('sl_mult', 2.0), ('slow', 21), ('tp_mult', 3.0)]",424,8,0.00016137424574853322,0.4033018867924528,0.0014784435449995987,0.4033018867924528,0.16552687346403472
forex_jma_atr_daily,"[('fast', 5), ('sl_mult', 2.0), ('slow', 21), ('tp_mult', 4.0)]",325,8,0.0020324415461954975,0.3569230769230769,0.003593511500402717,0.3630769230769231,0.5568547405260338
forex_jma_atr_daily,"[('fast', 5), ('sl_mult', 2.0), ('slow', 28), ('tp_mult', 1.5)]",583,8,-0.000665244685066939,0.5608919382504288,0.0002720261030122752,0.5608919382504288,0.025699811241155637
forex_jma_atr_daily,"[('fast', 5), ('sl_mult', 2.0), ('slow', 28), ('tp_mult', 2.0)]",485,8,0.0003265131083241763,0.5216494845360825,0.0014434618001578482,0.5216494845360825,0.3031425378036452
forex_jma_atr_daily,"[('fast', 5), ('sl_mult', 2.0), ('slow', 28), ('tp_mult', 3.0)]",392,8,0.00026978637225709233,0.40561224489795916,0.0015442622643190996,0.40561224489795916,0.16594082466847232
forex_jma_atr_daily,"[('fast', 5), ('sl_mult', 2.0), ('slow', 28), ('tp_mult', 4.0)]",317,8,0.001895746469685433,0.3627760252365931,0.003399031108187898,0.3659305993690852,0.4912435201105251
forex_jma_atr_daily,"[('fast', 7), ('sl_mult', 1.0), ('slow', 21), ('tp_mult', 1.5)]",895,8,-0.0007586602269954337,0.39217877094972065,2.2184541189076622e-05,0.39217877094972065,0.009480598622742864
forex_jma_atr_daily,"[('fast', 7), ('sl_mult', 1.0), ('slow', 21), ('tp_mult', 2.0)]",801,8,0.00018652108242514867,0.3645443196004994,0.001033286308988737,0.3645443196004994,0.5574341408733265
forex_jma_atr_daily,"[('fast', 7), ('sl_mult', 1.0), ('slow', 21), ('tp_mult', 3.0)]",631,8,0.0011886100454843215,0.29635499207606975,0.0021546697557579676,0.29635499207606975,0.9040413252877002
forex_jma_atr_daily,"[('fast', 7), ('sl_mult', 1.0), ('slow', 21), ('tp_mult', 4.0)]",518,8,0.002191521117216097,0.2528957528957529,0.0032732708371924937,0.2528957528957529,0.9707031394697676
forex_jma_atr_daily,"[('fast', 7), ('sl_mult', 1.0), ('slow', 28), ('tp_mult', 1.5)]",811,8,-0.0006078981098764795,0.3958076448828607,0.00016953784891652194,0.3958076448828607,0.02673710786454636
forex_jma_atr_daily,"[('fast', 7), ('sl_mult', 1.0), ('slow', 28), ('tp_mult', 2.0)]",750,8,3.8562809779733585e-05,0.36,0.0008691853888751532,0.36,0.36561056178177065
forex_jma_atr_daily,"[('fast', 7), ('sl_mult', 1.0), ('slow', 28), ('tp_mult', 3.0)]",616,8,0.0008695632569578444,0.288961038961039,0.0018024112397875389,0.288961038961039,0.7564183895734173
forex_jma_atr_daily,"[('fast', 7), ('sl_mult', 1.0), ('slow', 28), ('tp_mult', 4.0)]",506,8,0.0016929807550943535,0.24703557312252963,0.00274697197064151,0.24703557312252963,0.8854851046376119
forex_jma_atr_daily,"[('fast', 7), ('sl_mult', 1.5), ('slow', 21), ('tp_mult', 1.5)]",725,8,-0.0008522687516777403,0.4896551724137931,6.7019168924163896e-06,0.4910344827586207,0.008241580319412719
forex_jma_atr_daily,"[('fast', 7), ('sl_mult', 1.5), ('slow', 21), ('tp_mult', 2.0)]",642,8,2.7164094137448006e-05,0.4517133956386293,0.0009850196475656538,0.4532710280373832,0.2581779104370205
forex_jma_atr_daily,"[('fast', 7), ('sl_mult', 1.5), ('slow', 21), ('tp_mult', 3.0)]",498,8,0.00037116810467061306,0.3453815261044177,0.0014912715938836332,0.3453815261044177,0.28359329127181
forex_jma_atr_daily,"[('fast', 7), ('sl_mult', 1.5), ('slow', 21), ('tp_mult', 4.0)]",414,8,0.001399104581477249,0.2995169082125604,0.002678725781873203,0.30193236714975846,0.5485463629708178
forex_jma_atr_daily,"[('fast', 7), ('sl_mult', 1.5), ('slow', 28), ('tp_mult', 1.5)]",654,8,-0.0008727181648317578,0.481651376146789,-1.3467924137514343e-05,0.481651376146789,0.007327835777773488
forex_jma_atr_daily,"[('fast', 7), ('sl_mult', 1.5), ('slow', 28), ('tp_mult', 2.0)]",579,8,-0.0002556286865589789,0.4386873920552677,0.000707068776347015,0.4386873920552677,0.10914737582452805
forex_jma_atr_daily,"[('fast', 7), ('sl_mult', 1.5), ('slow', 28), ('tp_mult', 3.0)]",458,8,0.0008818674693744617,0.36026200873362446,0.0019996552083201675,0.36026200873362446,0.4787586378323095
forex_jma_atr_daily,"[('fast', 7), ('sl_mult', 1.5), ('slow', 28), ('tp_mult', 4.0)]",374,8,0.0022939035454996905,0.32085561497326204,0.0036252965427994097,0.3235294117647059,0.7956325170637029
forex_jma_atr_daily,"[('fast', 7), ('sl_mult', 2.0), ('slow', 21), ('tp_mult', 1.5)]",635,8,-0.001429611026604669,0.5354330708661418,-0.0004859487296075804,0.537007874015748,0.0005263396133768112
forex_jma_atr_daily,"[('fast', 7), ('sl_mult', 2.0), ('slow', 21), ('tp_mult', 2.0)]",547,8,-0.0002176404668647219,0.506398537477148,0.0008408865872176589,0.5082266910420475,0.11190388057060424
forex_jma_atr_daily,"[('fast', 7), ('sl_mult', 2.0), ('slow', 21), ('tp_mult', 3.0)]",417,8,0.0003362201101435446,0.41007194244604317,0.0016469678747678413,0.41247002398081534,0.210890700540925
forex_jma_atr_daily,"[('fast', 7), ('sl_mult', 2.0), ('slow', 21), ('tp_mult', 4.0)]",320,8,0.0012632335812133688,0.3375,0.002817250431536842,0.346875,0.32943493026556736
forex_jma_atr_daily,"[('fast', 7), ('sl_mult', 2.0), ('slow', 28), ('tp_mult', 1.5)]",567,8,-0.0008725536825993076,0.5520282186948854,8.118359146560982e-05,0.5520282186948854,0.011407926496899765
forex_jma_atr_daily,"[('fast', 7), ('sl_mult', 2.0), ('slow', 28), ('tp_mult', 2.0)]",480,8,-9.582147117489954e-05,0.50625,0.0010123354171404436,0.50625,0.1377077555286661
forex_jma_atr_daily,"[('fast', 7), ('sl_mult', 2.0), ('slow', 28), ('tp_mult', 3.0)]",389,8,0.0005019710322367188,0.4087403598971722,0.001804949051847488,0.41131105398457585,0.23513980850611227
forex_jma_atr_daily,"[('fast', 7), ('sl_mult', 2.0), ('slow', 28), ('tp_mult', 4.0)]",318,8,0.0022675595989959884,0.3742138364779874,0.0037563015040244286,0.37735849056603776,0.5992667240994202
forex_jma_atr_daily,"[('fast', 9), ('sl_mult', 1.0), ('slow', 21), ('tp_mult', 1.5)]",873,8,-0.00048686692934167536,0.3997709049255441,0.00029834179083443015,0.3997709049255441,0.0631404226396823
forex_jma_atr_daily,"[('fast', 9), ('sl_mult', 1.0), ('slow', 21), ('tp_mult', 2.0)]",787,8,0.00011406126444862597,0.36213468869123255,0.0009637364131136655,0.36213468869123255,0.47546533620833425
forex_jma_atr_daily,"[('fast', 9), ('sl_mult', 1.0), ('slow', 21), ('tp_mult', 3.0)]",644,8,0.0011867489192090553,0.30124223602484473,0.00215263675913225,0.30124223602484473,0.9212214008345418
forex_jma_atr_daily,"[('fast', 9), ('sl_mult', 1.0), ('slow', 21), ('tp_mult', 4.0)]",524,8,0.002418123402129338,0.2652671755725191,0.00351847685334124,0.2652671755725191,0.9909253697961706
forex_jma_atr_daily,"[('fast', 9), ('sl_mult', 1.0), ('slow', 28), ('tp_mult', 1.5)]",787,8,-0.0005854636801105301,0.3926302414231258,0.00019865425176010415,0.3926302414231258,0.031272400626155494
forex_jma_atr_daily,"[('fast', 9), ('sl_mult', 1.0), ('slow', 28), ('tp_mult', 2.0)]",719,8,-0.0003186847358805739,0.34075104311543813,0.0005224187602562478,0.34075104311543813,0.11038370885781185
forex_jma_atr_daily,"[('fast', 9), ('sl_mult', 1.0), ('slow', 28), ('tp_mult', 3.0)]",610,8,0.00023520064695469454,0.2754098360655738,0.0011583344665582881,0.2754098360655738,0.33415431073409685
forex_jma_atr_daily,"[('fast', 9), ('sl_mult', 1.0), ('slow', 28), ('tp_mult', 4.0)]",514,8,0.00110158248254228,0.23735408560311283,0.002178989427127496,0.23929961089494164,0.6997636503067977
forex_jma_atr_daily,"[('fast', 9), ('sl_mult', 1.5), ('slow', 21), ('tp_mult', 1.5)]",690,8,-0.0006492928092614358,0.48840579710144927,0.00021330230140343388,0.48985507246376814,0.025241004168894066
forex_jma_atr_daily,"[('fast', 9), ('sl_mult', 1.5), ('slow', 21), ('tp_mult', 2.0)]",602,8,4.469345432984434e-05,0.4418604651162791,0.0010280192324393768,0.4435215946843854,0.2574124049417131
forex_jma_atr_daily,"[('fast', 9), ('sl_mult', 1.5), ('slow', 21), ('tp_mult', 3.0)]",482,8,0.0011031456170191754,0.3630705394190871,0.002250712559766365,0.3630705394190871,0.6307986301995977
forex_jma_atr_daily,"[('fast', 9), ('sl_mult', 1.5), ('slow', 21), ('tp_mult', 4.0)]",395,8,0.0027596736054994854,0.3291139240506329,0.0040700253292194075,0.33164556962025316,0.9177124620329723
forex_jma_atr_daily,"[('fast', 9), ('sl_mult', 1.5), ('slow', 28), ('tp_mult', 1.5)]",629,8,-0.0007239878220647338,0.48012718600953896,0.0001480784098956831,0.48012718600953896,0.017346353357280752
forex_jma_atr_daily,"[('fast', 9), ('sl_mult', 1.5), ('slow', 28), ('tp_mult', 2.0)]",548,8,-0.0002612443445487802,0.42700729927007297,0.000705059817395046,0.42700729927007297,0.09821132877022215
forex_jma_atr_daily,"[('fast', 9), ('sl_mult', 1.5), ('slow', 28), ('tp_mult', 3.0)]",452,8,0.001180186093740896,0.37389380530973454,0.002277494915604653,0.37389380530973454,0.60253604174597
forex_jma_atr_daily,"[('fast', 9), ('sl_mult', 1.5), ('slow', 28), ('tp_mult', 4.0)]",371,8,0.0027284692964232846,0.33153638814016173,0.004078048091655996,0.33423180592991913,0.8897085720305661
forex_jma_atr_daily,"[('fast', 9), ('sl_mult', 2.0), ('slow', 21), ('tp_mult', 1.5)]",604,8,-0.0011144902590365718,0.543046357615894,-0.00017132453038594509,0.5447019867549668,0.003373671208638474
forex_jma_atr_daily,"[('fast', 9), ('sl_mult', 2.0), ('slow', 21), ('tp_mult', 2.0)]",505,8,-0.00016813534317208306,0.504950495049505,0.0009360147155944521,0.5069306930693069,0.12382429903516912
forex_jma_atr_daily,"[('fast', 9), ('sl_mult', 2.0), ('slow', 21), ('tp_mult', 3.0)]",409,8,0.0003716015831537877,0.4058679706601467,0.0016714325015470234,0.4083129584352078,0.21095725873687676
forex_jma_atr_daily,"[('fast', 9), ('sl_mult', 2.0), ('slow', 21), ('tp_mult', 4.0)]",326,8,0.0019901201940442856,0.3558282208588957,0.0035019114377711396,0.3619631901840491,0.5486007026721119
forex_jma_atr_daily,"[('fast', 9), ('sl_mult', 2.0), ('slow', 28), ('tp_mult', 1.5)]",548,8,-0.0008510557343779823,0.5437956204379562,0.00012722381850539038,0.5437956204379562,0.013780659854564298
forex_jma_atr_daily,"[('fast', 9), ('sl_mult', 2.0), ('slow', 28), ('tp_mult', 2.0)]",461,8,-0.00037793558890039934,0.49023861171366595,0.0007339702350394159,0.49023861171366595,0.06790175244413274
forex_jma_atr_daily,"[('fast', 9), ('sl_mult', 2.0), ('slow', 28), ('tp_mult', 3.0)]",375,8,0.001191080320609525,0.424,0.0025178883510381753,0.4266666666666667,0.4528325510100425
forex_jma_atr_daily,"[('fast', 9), ('sl_mult', 2.0), ('slow', 28), ('tp_mult', 4.0)]",307,8,0.003645982410553682,0.3973941368078176,0.005168384820027089,0.4006514657980456,0.8763121499005428
forex_lhp_dsl_1m,"[('fastend', 0.6), ('period', 72), ('sl_mult', 1.0), ('slowend', 0.04), ('tp_mult', 1.5)]",2215664,8,-0.0006882632879120679,0.01114744834956925,-8.822675180708256e-05,0.3809413340650929,0.0
forex_lhp_dsl_1m,"[('fastend', 0.6), ('period', 72), ('sl_mult', 1.0), ('slowend', 0.04), ('tp_mult', 2.0)]",1812991,8,-0.0006806460673925635,0.024241157292010828,-8.059402899361836e-05,0.3560839518784153,0.0
forex_lhp_dsl_1m,"[('fastend', 0.6), ('period', 72), ('sl_mult', 1.0), ('slowend', 0.04), ('tp_mult', 3.0)]",1309794,8,-0.0006699992877076017,0.06206624858565545,-6.986699967253354e-05,0.29336445273073475,0.0
forex_lhp_dsl_1m,"[('fastend', 0.6), ('period', 72), ('sl_mult', 1.0), ('slowend', 0.04), ('tp_mult', 4.0)]",1007079,8,-0.0006623746227046916,0.09505212600004567,-6.231249764650207e-05,0.2449400692497808,0.0
forex_lhp_dsl_1m,"[('fastend', 0.6), ('period', 72), ('sl_mult', 1.5), ('slowend', 0.04), ('tp_mult', 1.5)]",1710848,8,-0.0006994937306496788,0.013343675183300912,-9.942981783392723e-05,0.44692339705222206,0.0
forex_lhp_dsl_1m,"[('fastend', 0.6), ('period', 72), ('sl_mult', 1.5), ('slowend', 0.04), ('tp_mult', 2.0)]",1382858,8,-0.0006915506366775041,0.029884485608789913,-9.149140856149259e-05,0.4239611008505573,0.0
forex_lhp_dsl_1m,"[('fastend', 0.6), ('period', 72), ('sl_mult', 1.5), ('slowend', 0.04), ('tp_mult', 3.0)]",980739,8,-0.0006803002947467873,0.07785863517204883,-8.020557471565976e-05,0.35654644100010296,0.0
forex_lhp_dsl_1m,"[('fastend', 0.6), ('period', 72), ('sl_mult', 1.5), ('slowend', 0.04), ('tp_mult', 4.0)]",745948,8,-0.0006727959056491289,0.1204386900963606,-7.272667575032638e-05,0.3013011630837538,0.0
forex_lhp_dsl_1m,"[('fastend', 0.6), ('period', 72), ('sl_mult', 2.0), ('slowend', 0.04), ('tp_mult', 1.5)]",1382962,8,-0.0007084267368620168,0.015370632020257968,-0.00010837634469147207,0.49874616945367983,0.0
forex_lhp_dsl_1m,"[('fastend', 0.6), ('period', 72), ('sl_mult', 2.0), ('slowend', 0.04), ('tp_mult', 2.0)]",1109687,8,-0.0007002459924308112,0.03476475799031619,-0.00010021962532425245,0.47831685871781865,0.0
forex_lhp_dsl_1m,"[('fastend', 0.6), ('period', 72), ('sl_mult', 2.0), ('slowend', 0.04), ('tp_mult', 3.0)]",774582,8,-0.0006885736572763754,0.09252474237717892,-8.859709396892847e-05,0.40941178596972305,0.0
forex_lhp_dsl_1m,"[('fastend', 0.6), ('period', 72), ('sl_mult', 2.0), ('slowend', 0.04), ('tp_mult', 4.0)]",585929,8,-0.0006804573412045691,0.14442364177229663,-8.039941212114717e-05,0.35094695773720025,0.0
