strategy_id,n_trades,n_tickers,n_param_combos,win_rate,mean_ret,deflated_sharpe
commodities_jma_atr_daily,54868,5,72,0.4260771305679084,0.0044177435262203035,1.0
crypto_jma_atr_daily,21137,7,72,0.45730236078913755,0.015571368761274912,1.0
crypto_kama_dsl_daily,22844,7,72,0.4309665557695675,0.016475792877711597,1.0
indian_equities_jma_atr_4h,663603,48,72,0.40125346027670156,0.0008799986349490191,1.0
indian_equities_jma_atr_daily,332025,48,72,0.39272343950003763,0.0016265809762807094,1.0
indices_jma_atr_daily,52898,5,72,0.43317327687247154,0.00363412223975167,1.0
commodities_jma_atr_4h,307267,5,72,0.4014489027458204,0.00031426549782905536,0.9999932148645388
forex_jma_atr_daily,40565,8,72,0.39790459755947244,0.00028094486938111325,0.8502753957483444
crypto_jma_atr_4h,128433,7,72,0.40000622892870213,0.00017605405254338526,0.06616801538070363
forex_lhp_dsl_daily,44230,8,48,0.40452181777074386,-0.00013578152709259108,1.926724103815328e-05
crypto_kama_dsl_4h,145311,7,72,0.39103715479213547,-0.0006211737002655446,1.0605213501085059e-08
indices_jma_atr_4h,288408,5,72,0.4055088624448698,-0.00023366633132442365,2.651843611052429e-31
commodities_jma_atr_1h,999625,5,72,0.4013184944354133,-0.0002889790944056179,3.804494890326968e-105
forex_jma_atr_4h,209568,8,72,0.4121669338830356,-0.0003065048899356415,1.8728952352159683e-110
indian_equities_smc_5m,50924,48,12,0.36572146728458094,-0.000712226061607417,3.961624625895471e-124
forex_lhp_dsl_4h,222602,8,48,0.4099334237787621,-0.0004326296962832568,2.167684003774338e-221
crypto_jma_atr_1m,7645857,7,12,0.3741809453145671,-0.0005742243616628251,0.0
crypto_kama_dsl_1m,6817791,7,12,0.4056585190129765,-0.0005620306665122537,0.0
forex_jma_atr_1m,9059320,8,12,0.05161391804241378,-0.0006870321756591122,0.0
forex_lhp_dsl_1m,15019081,8,12,0.04608451076334164,-0.00068676233629653,0.0
indian_equities_halftrend_5m,2306224,48,12,0.4035679101422932,-0.00039134737270314125,0.0
indian_equities_jma_atr_5m,20554482,48,72,0.39869727682750655,-0.00044908997297021385,0.0
indices_jma_atr_1h,966742,5,72,0.40185075232068124,-0.0004040141814831715,0.0
