pair,n_trades,n_days,sharpe,cagr,max_drawdown,ci_lo,ci_hi,dsr,significant
AUDNZD,91,91,4.459095574362931,5.458559774455196,-0.10527042537479792,0.1102209172699202,0.47855775145032353,0.8580954711349705,True
CADJPY,82,82,3.8597976911625933,8.827025901540132,-0.15543529957992586,0.040350298329123,0.4643375474072449,0.5990061072292249,True
AUDUSD,115,115,3.5846086780289577,4.864917217600127,-0.09804465951422603,0.06409831536292124,0.38980492806855405,0.7871929633089881,True
NZDUSD,173,173,2.730712736961425,2.487270798580703,-0.16979172446650526,0.047319978590432285,0.3030509391382282,0.7369295196355853,True
EURAUD,78,78,2.43363508385723,3.3493361627041196,-0.11834889276537575,-0.07350766507156284,0.3360183242899978,0.33442207185311235,False
NZDJPY,108,108,2.036661077700135,2.2672024819159793,-0.2239884173595479,-0.06109176529562261,0.30966508601606124,0.2848798766623776,False
CHFJPY,103,103,2.025986929534177,1.7667019846385728,-0.17309864733527158,-0.05776631220133682,0.3086094363878259,0.27703265101494345,False
USDCAD,129,129,1.4794799245268222,0.6676881591144352,-0.13224058505085623,-0.0633193789284502,0.27267881829986995,0.20125215428984372,False
AUDJPY,101,101,1.2010113044505717,1.055548847410123,-0.3206318981578903,-0.12485726997687574,0.2544714507846488,0.11207430760884363,False
GBPAUD,109,109,1.1128408970949863,0.7021298304537895,-0.18860006817736885,-0.13197222596300232,0.2327306591475219,0.11984086807587235,False
GBPNZD,144,144,0.9328796978316889,0.4365906556580086,-0.1415488057213503,-0.09974869734442503,0.21258309552149432,0.11313256617522766,False
EURNZD,122,122,0.9160982680631835,0.4569840699983885,-0.18700930875755262,-0.11459597144811699,0.22712398915312101,0.09703413277037776,False
GBPJPY,136,136,0.8632499451784034,0.41582948909914985,-0.1631717279731174,-0.11744781197389831,0.22134905368269608,0.0971605325509613,False
AUDCAD,129,129,0.7473121745793583,0.3260312595052832,-0.134360048524512,-0.1341301605037143,0.20625031812148967,0.08526850004012454,False
EURGBP,132,132,0.6015851750442754,0.23045429030079023,-0.21355122106815327,-0.1363063620180345,0.2088038825924999,0.07060727342900124,False
USDJPY,166,166,0.5543769163982105,0.2324366056745224,-0.2789386069431845,-0.11019208288342747,0.19361399610126592,0.06890667187903282,False
GBPUSD,120,120,0.36273126658740384,0.13360351882154098,-0.23205516538240922,-0.1757101562247966,0.1906531881051062,0.04504165105900622,False
NZDCHF,96,96,0.34545572609226444,0.08067970087910648,-0.39653183239336587,-0.18801215394642162,0.21136029554306449,0.038034394550540834,False
AUDCHF,89,89,0.3178782986109499,0.06589776509511114,-0.21427932211661715,-0.22360867023276484,0.19841658804211504,0.03612412815869386,False
NZDCAD,138,138,0.2720507430006218,0.09909072050465695,-0.19746892242321046,-0.15658131112234241,0.1772403802193697,0.04306545252861423,False
GBPCHF,100,100,0.08907733807589147,0.002837639239333445,-0.1810521885187253,-0.20717656268798956,0.19560885940004322,0.02846380008905374,False
EURJPY,178,178,-0.13213115910854573,-0.05885849271256394,-0.2610944948362185,-0.16092815149820094,0.13987180083365605,0.02152780558983632,False
USDCHF,100,100,-0.5070448892056292,-0.2447421235471373,-0.22443213827064412,-0.23656516570469818,0.16480902744895778,0.01138411968327728,False
EURCHF,90,90,-0.7642613954616838,-0.20190477057650158,-0.15467997564773217,-0.2665164131771892,0.1581382725720595,0.008764934188694638,False
CADCHF,97,97,-0.9304197855763833,-0.3668165214048398,-0.254254316638191,-0.31510892195284973,0.13632654958654436,0.0060682087667310106,False
EURUSD,144,144,-1.2025027614540826,-0.3045165482195362,-0.2234361952410947,-0.24128922245943935,0.09254480811361693,0.0027852159077969155,False
GBPCAD,111,111,-1.3471162941767065,-0.43427282007942714,-0.3501119730235811,-0.2952197555286606,0.10090077672673564,0.0025548457542690973,False
EURCAD,164,164,-1.909409611321285,-0.45522772201909634,-0.4576875922217657,-0.28269520670042975,0.04523642552691972,0.000403006509880139,False
