fit_frac,mode,sharpe,cagr,max_drawdown,calmar,annual_vol,n_days,weight_commodities_jma_atr_daily,weight_indices_jma_atr_daily,weight_forex_jma_atr_daily,ci_lo,ci_hi,gate_pass
0.6,commodities_jma_atr_daily,1.4458761312595856,2.466944638947307,-0.7159528992270072,3.445680074221073,1.2614624176396998,838.0,,,,,,
0.6,indices_jma_atr_daily,1.5582305906043419,1.0549755605443223,-0.44683623074475753,2.360989302022259,0.49719407869346594,838.0,,,,,,
0.6,forex_jma_atr_daily,1.7090313114759808,0.6024748910329942,-0.17321276613197945,3.4782360705095985,0.2604437789968721,838.0,,,,,,
0.6,tangency,2.3001823188203168,1.5682834051581884,-0.3404325751059072,4.606737192145323,0.4209454195877191,838,0.24447815526798697,0.5644256464655479,0.19109619826646515,-0.029190277146099022,0.12694447645524795,False
0.6,equal_weight,2.1942034956354024,1.649634718412818,-0.33262353206930606,4.959464858514872,0.462395276505126,838,0.3333333333333333,0.3333333333333333,0.3333333333333333,-0.03241130057428495,0.11950265664450375,False
0.6,inverse_vol,2.596454161672536,1.2526821158698986,-0.22960828051095472,5.455735799607334,0.30769104897806704,838,0.1746225955661103,0.3428851133555696,0.48249229107832015,-0.00736314212505069,0.1495788384327972,False
0.7,commodities_jma_atr_daily,1.4195209230588695,2.545274455250657,-0.7159528992270074,3.5550864561044624,1.4014392903221067,629.0,,,,,,
0.7,indices_jma_atr_daily,1.5578713296440847,1.1560372631821023,-0.44683623074475753,2.587160985704527,0.5411341008533663,629.0,,,,,,
0.7,forex_jma_atr_daily,1.7506874631581462,0.6436380393755816,-0.1732127661319791,3.7158810735991765,0.2701431249968998,629.0,,,,,,
0.7,tangency,2.3399841607095007,1.6603776483392059,-0.31425303394786985,5.283569190980791,0.43060264394154685,629,0.22975574305165913,0.5032876462819327,0.2669566106664082,-0.025738838185613535,0.15178468624891844,False
0.7,equal_weight,2.1505428334797494,1.827734580193451,-0.33262353206930617,5.494904611296774,0.5123242725749929,629,0.3333333333333333,0.3333333333333333,0.3333333333333333,-0.036456238782874406,0.13890121310530962,False
0.7,inverse_vol,2.5661610857044956,1.3801950359374402,-0.22876170405836538,6.033330804291013,0.336237398423324,629,0.1734657990679955,0.34277167704505757,0.48376252388694696,-0.007872917380564698,0.16827320824521527,False
0.8,commodities_jma_atr_daily,1.405628307710932,1.8754891305933032,-0.7159528992270074,2.6195705508256366,1.1651498441934005,419.0,,,,,,
0.8,indices_jma_atr_daily,0.7797118933941611,0.368990023378438,-0.44683623074475753,0.8257835824177227,0.45056673660315294,419.0,,,,,,
0.8,forex_jma_atr_daily,1.6454669805445,0.5739830160353279,-0.14865688805732957,3.861126272292012,0.2595859680466937,419.0,,,,,,
0.8,tangency,1.918505321278655,0.8264187555530995,-0.2687382361881038,3.075181140113781,0.30730270065628895,419,0.16494555373294528,0.4914535705738596,0.3436008756931952,-0.04935083272510437,0.20061192497845964,False
0.8,equal_weight,1.892913763290594,1.1719548397706396,-0.3326235320693056,3.5233671907688433,0.42548513177795555,419,0.3333333333333333,0.3333333333333333,0.3333333333333333,-0.05493042322744498,0.19588352152610047,False
0.8,inverse_vol,2.1926052205254627,0.8350045854687416,-0.20681972670903637,4.037354650620272,0.26576569061587635,419,0.14906830757199618,0.3282048825491263,0.5227268098788775,-0.029654746390162287,0.21995468095326556,False
