variant,max_concurrent,n_trades_admitted,n_skipped_capacity,position_fraction,final_equity,max_drawdown,ruined,ruin_probability_mc
baseline_all48,5,327,1649,0.2393921562222425,88770.88900488785,-0.3442019533316273,False,0.0008
baseline_all48,10,620,1356,0.2393921562222425,100354.6301207986,-0.5244672296641522,False,0.0096
baseline_all48,15,924,1052,0.2393921562222425,140702.73800406288,-0.5225834192431955,False,0.0072
baseline_all48,20,1200,776,0.2393921562222425,182612.62531276915,-0.5903642692722901,False,0.0054
baseline_all48,uncapped,1976,0,0.2393921562222425,1080974.280193278,-0.590527964903201,False,0.0002
curated_annual_rebalance,5,292,627,0.22729529450363165,131475.65591811834,-0.26094435583138836,False,0.0
curated_annual_rebalance,10,537,382,0.22729529450363165,313725.05439721205,-0.28090721321265943,False,0.0
curated_annual_rebalance,15,744,175,0.22729529450363165,308285.5877659602,-0.395255673517951,False,0.0
curated_annual_rebalance,20,875,44,0.22729529450363165,453368.2601026195,-0.4549334375094861,False,0.0
curated_annual_rebalance,uncapped,919,0,0.22729529450363165,485853.53664855857,-0.47439592156655014,False,0.0
