freq,rebalance_date,kept_sectors,n_curated_tickers
annual,2019-08-31,"adani,consumer,energy,it,materials,pharma",22
annual,2020-08-31,"adani,capgoods,consumer,energy,it,materials",20
annual,2021-08-31,"adani,consumer,energy,financials,materials,metals",25
annual,2022-08-31,"adani,consumer,energy,financials,materials,metals",25
annual,2023-08-31,"adani,capgoods,consumer,energy,financials,materials",24
annual,2024-08-31,"adani,capgoods,consumer,energy,financials,materials",24
semiannual,2019-08-31,"adani,consumer,energy,it,materials,pharma",22
semiannual,2020-02-29,"adani,capgoods,consumer,energy,it,materials",20
semiannual,2020-08-29,"adani,capgoods,consumer,energy,it,materials",20
semiannual,2021-02-28,"adani,consumer,energy,financials,materials,metals",25
semiannual,2021-08-28,"adani,consumer,energy,financials,materials,metals",25
semiannual,2022-02-28,"adani,auto,energy,financials,materials,metals",28
semiannual,2022-08-28,"adani,consumer,energy,financials,materials,metals",25
semiannual,2023-02-28,"adani,auto,consumer,energy,financials,materials",28
semiannual,2023-08-28,"adani,capgoods,consumer,energy,financials,materials",24
semiannual,2024-02-28,"adani,consumer,energy,financials,it,materials",27
semiannual,2024-08-28,"adani,capgoods,consumer,energy,financials,materials",24
quarterly,2019-08-31,"adani,consumer,energy,it,materials,pharma",22
quarterly,2019-11-30,"adani,capgoods,consumer,energy,it,materials",20
quarterly,2020-02-29,"adani,capgoods,consumer,energy,it,materials",20
quarterly,2020-05-29,"adani,capgoods,consumer,energy,it,materials",20
quarterly,2020-08-29,"adani,capgoods,consumer,energy,it,materials",20
quarterly,2020-11-29,"adani,auto,capgoods,consumer,energy,materials",21
quarterly,2021-02-28,"adani,consumer,energy,financials,materials,metals",25
quarterly,2021-05-28,"adani,capgoods,consumer,energy,financials,materials",24
quarterly,2021-08-28,"adani,consumer,energy,financials,materials,metals",25
quarterly,2021-11-28,"adani,auto,energy,financials,materials,metals",28
quarterly,2022-02-28,"adani,auto,energy,financials,materials,metals",28
quarterly,2022-05-28,"adani,auto,consumer,energy,financials,materials",28
quarterly,2022-08-28,"adani,consumer,energy,financials,materials,metals",25
quarterly,2022-11-28,"adani,consumer,energy,financials,materials,metals",25
quarterly,2023-02-28,"adani,auto,consumer,energy,financials,materials",28
quarterly,2023-05-28,"adani,auto,energy,financials,it,materials",30
quarterly,2023-08-28,"adani,capgoods,consumer,energy,financials,materials",24
quarterly,2023-11-28,"adani,consumer,energy,financials,it,materials",27
quarterly,2024-02-28,"adani,consumer,energy,financials,it,materials",27
quarterly,2024-05-28,"adani,capgoods,consumer,energy,financials,materials",24
quarterly,2024-08-28,"adani,capgoods,consumer,energy,financials,materials",24
