sector,n_trades,n_tickers,oos_mean_ret,oos_mean_win_rate,oos_positive_frac,sharpe,thin,composite,kept
adani,92,2,0.02898402070490605,0.4425187907330765,0.7142857142857143,3.088578167524297,False,0.9619047619047619,True
materials,121,2,0.013037516394151554,0.39819071966904784,0.75,1.6128165438655602,False,0.7007955781303945,True
consumer,171,3,0.01617023459848704,0.41831905468269104,0.6363636363636364,1.9761648419742683,False,0.6675809339600619,True
energy,386,6,0.01700273059257731,0.41686142700284906,0.625,1.2693794512287415,False,0.6614296521963321,True
financials,546,9,0.01307288251408857,0.3656505900464078,0.7222222222222222,1.6181115705998406,False,0.5883236161960052,True
capgoods,140,2,0.003461435550882492,0.38050022893772895,0.625,0.17126565547521902,False,0.4106313342110169,True
telecom,65,1,0.0011145107118035772,0.3232142857142857,0.75,0.4806207641473548,True,0.3700540945041794,False
metals,212,3,0.013128210621977823,0.34777957076550425,0.5,0.7446959054753817,False,0.30620794559354697,False
it,347,5,0.003004980476761554,0.3669552375626124,0.55,0.45691614795353225,False,0.2906581913776367,False
auto,393,6,0.0031671743101800176,0.3247042052697045,0.5833333333333334,0.07559675204692376,False,0.22000358545649923,False
pharma,259,4,0.0029701571716348163,0.32663843509431745,0.4375,0.4244953836804399,False,0.06710136565347113,False
fmcg,333,5,0.00037382037391881835,0.3122348327054209,0.45,-0.2647928690120205,False,0.013333333333333345,False
