entry_time,exit_time,direction,entry_price,exit_price,reason,pnl,ret,ticker,gross,fold,fast,slow,sl_mult,tp_mult
2008-08-19,2008-08-25,1,0.7154099345207214,0.7051585231508527,stop,-0.01075219832403324,-0.014189642720952047,NZDUSD,-0.014329422720047242,0,9,21,1.0,3.0
2008-08-26,2008-09-10,-1,0.6960880160331726,0.6619378881795066,target,0.03366286624244278,0.048708104539541774,NZDUSD,0.049060071524113916,0,9,21,1.0,3.0
2008-09-18,2008-10-02,1,0.674081563949585,0.6580600738525391,stop,-0.016493347191810608,-0.023174480556204975,NZDUSD,-0.023767880556134238,0,9,21,1.0,3.0
2008-10-17,2008-10-22,1,0.6151953339576721,0.591995677777699,stop,-0.023630292913743477,-0.03759725554349624,NZDUSD,-0.03771104054174984,0,9,21,1.0,3.0
2008-10-23,2009-01-20,-1,0.5954152941703796,0.5203395869050707,target,0.07465891655938972,0.12490560453092363,NZDUSD,0.12608965204683822,0,9,21,1.0,3.0
2009-02-06,2009-02-17,1,0.53339022397995,0.5194995722600392,stop,-0.014264024876696738,-0.025573494051183667,NZDUSD,-0.026042194054971882,0,9,21,1.0,3.0
2009-03-10,2009-03-18,1,0.505612313747406,0.5376563199928829,target,0.031690077625853685,0.06381174937443343,NZDUSD,0.06337663338928377,0,9,21,1.0,3.0
2009-03-31,2009-04-02,-1,0.5601927042007446,0.5729957563536507,stop,-0.013195187045846634,-0.02314034448449513,NZDUSD,-0.022854728483429426,0,9,21,1.0,3.0
2009-04-03,2009-04-17,1,0.5868889093399048,0.5732658420290265,stop,-0.01403388954741619,-0.0225307841065709,NZDUSD,-0.023212344097966707,0,9,21,1.0,3.0
2009-04-30,2009-05-08,1,0.5650036931037903,0.601282639162881,target,0.035883443473918114,0.06449328828085552,NZDUSD,0.06421010429117033,0,9,21,1.0,3.0
2009-05-15,2009-05-19,-1,0.5853087306022644,0.5983617220606122,stop,-0.013462707569769403,-0.022574396668835033,NZDUSD,-0.02230103665960475,0,9,21,1.0,3.0
2009-05-20,2009-06-01,1,0.6059871315956116,0.6441516195024762,target,0.037740296914747735,0.063441096192319,NZDUSD,0.0629790401759433,0,9,21,1.0,3.0
2009-06-05,2009-06-11,-1,0.6262917518615723,0.6408220103808812,stop,-0.014968662745611993,-0.023487868833629896,NZDUSD,-0.023200462845182863,0,9,21,1.0,3.0
2009-06-12,2009-07-02,1,0.6428800821304321,0.6277253883225578,stop,-0.015604709865365678,-0.022577606946188652,NZDUSD,-0.023573126978290303,0,9,21,1.0,3.0
2009-07-14,2009-08-04,1,0.6399999856948853,0.6722229208265033,target,0.03177493514163158,0.05139521229192564,NZDUSD,0.05034833726852616,0,9,21,1.0,3.0
2009-08-17,2009-08-18,-1,0.6694784760475159,0.6748728368963514,stop,-0.005862995782068749,-0.008274143302618046,NZDUSD,-0.008057556802547043,0,9,21,1.0,3.0
2009-08-21,2009-09-01,1,0.6827803254127502,0.6780720097678048,stop,-0.0051862618727343745,-0.006529648671774974,NZDUSD,-0.006895798648121863,0,9,21,1.0,3.0
2009-09-07,2009-09-15,1,0.6922810673713684,0.7054441741534642,target,0.0126785100349358,0.01924522771175062,NZDUSD,0.019014107712170783,0,9,21,1.0,3.0
2009-09-28,2009-09-30,-1,0.7178235650062561,0.7233395491327558,stop,-0.006018460622004052,-0.007907213420125327,NZDUSD,-0.00768431742199993,0,9,21,1.0,3.0
2009-10-05,2009-10-19,1,0.7299802899360657,0.7506973275116512,target,0.020206051372630273,0.02892822979841692,NZDUSD,0.028380269797969464,0,9,21,1.0,3.0
2009-10-27,2009-10-28,-1,0.7444908022880554,0.7245584002562931,target,0.019411258470160637,0.02656500519681381,NZDUSD,0.026773201187313137,0,9,21,1.0,3.0
2009-11-09,2009-11-19,1,0.7447125315666199,0.7320504231112344,stop,-0.013183407227482145,-0.01662669544359325,NZDUSD,-0.01700267944833529,0,9,21,1.0,3.0
2009-11-20,2010-01-06,-1,0.7245851755142212,0.7359584314482552,stop,-0.011880465556893998,-0.01631037500269986,NZDUSD,-0.01569623050314645,0,9,21,1.0,3.0
2010-01-19,2010-01-22,-1,0.7336218357086182,0.7112248284476144,target,0.021883471976007766,0.030304451392902602,NZDUSD,0.030529362909938657,0,9,21,1.0,3.0
2010-02-11,2010-03-04,1,0.6978854537010193,0.6871146006243569,stop,-0.011259372894253081,-0.014473511409495102,NZDUSD,-0.01543355434554838,0,9,21,1.0,3.0
2010-03-08,2010-04-30,1,0.6998390555381775,0.7262628248759678,target,0.025933881998913614,0.040514699934810355,NZDUSD,0.037756923007777,0,9,21,1.0,3.0
2010-05-06,2010-05-19,-1,0.7130124568939209,0.6830105440957206,target,0.02950280407837456,0.04176212141919197,NZDUSD,0.042077683928408376,0,9,21,1.0,3.0
2010-05-31,2010-06-07,1,0.6811988949775696,0.6664538681507111,stop,-0.015221866053342819,-0.021454859857545368,NZDUSD,-0.02164569986177685,0,9,21,1.0,3.0
2010-06-10,2010-07-22,1,0.6840881109237671,0.7252255209854671,target,0.04065854838405338,0.06229812999403112,NZDUSD,0.06013466599521748,0,9,21,1.0,3.0
2010-07-09,2010-09-10,1,0.8781944513320923,0.9206052209649768,target,0.04179603351695202,0.05096908727331283,AUDUSD,0.04829314233146607,0,9,21,2.0,3.0
2010-08-09,2010-08-16,-1,0.7328155040740967,0.7073474952152797,target,0.024955038005965085,0.03450119261704448,NZDUSD,0.034753643607739255,0,9,21,1.0,3.0
2010-08-30,2010-09-01,1,0.7135212421417236,0.7021624573639461,stop,-0.011858249647276727,-0.015947366533367202,NZDUSD,-0.015919336533951955,0,9,21,1.0,3.0
2010-09-21,2010-09-29,-1,0.7294477820396423,0.7387747466564178,stop,-0.009837578064203262,-0.013060516258116148,NZDUSD,-0.01278633624835483,0,9,21,1.0,3.0
2010-10-20,2010-11-03,-1,0.970779538154602,0.9988288368497577,stop,-0.02872884437186382,-0.029068699520386387,AUDUSD,-0.028893582520780937,0,9,21,2.0,3.0
2010-10-20,2010-11-01,-1,0.7449899315834045,0.7556900254317692,stop,-0.011221586800473062,-0.014644619189921562,NZDUSD,-0.01436273618573966,0,9,21,1.0,3.0
2010-11-12,2010-12-20,-1,0.7776049971580505,0.7391287471566882,target,0.037931926503351705,0.04899177621105123,NZDUSD,0.049480456198176835,0,9,21,1.0,3.0
2010-11-12,2011-03-30,-1,0.9964129328727722,1.024484200137002,stop,-0.028768756317240754,-0.02914581526004538,AUDUSD,-0.028172323278961412,0,9,21,2.0,3.0
2010-12-24,2011-01-03,1,0.7486711144447327,0.7762433418205806,target,0.027048157595736658,0.03712207782513507,NZDUSD,0.03682822382735773,0,9,21,1.0,3.0
2011-01-07,2011-01-14,-1,0.7559149861335754,0.7665532146181379,stop,-0.011167368974855919,-0.014318049890665718,NZDUSD,-0.014073313374796049,0,9,21,1.0,3.0
2011-01-17,2011-01-21,1,0.7692899107933044,0.758329165833337,stop,-0.011499247897522774,-0.01419587701170526,NZDUSD,-0.01424787301404299,0,9,21,1.0,3.0
2011-01-27,2011-02-11,1,0.7733952403068542,0.7645647653511592,stop,-0.009371851623909798,-0.01086181362114668,NZDUSD,-0.01141780359572862,0,9,21,1.0,3.0
2011-02-22,2011-02-23,1,0.7637085914611816,0.754944771528244,stop,-0.009298415946960448,-0.011540815477896345,NZDUSD,-0.011475345479838138,0,9,21,1.0,3.0
2011-03-15,2011-03-17,1,0.7390982508659363,0.7316861024924687,stop,-0.007929517149073752,-0.010055697418793787,NZDUSD,-0.010028637416992175,0,9,21,1.0,3.0
2011-03-23,2011-04-04,1,0.7395902872085571,0.7668166373457227,target,0.02670863693611958,0.03719133500384795,NZDUSD,0.03681274701419653,0,9,21,1.0,3.0
2011-05-04,2011-05-30,-1,0.7994883060455322,0.8101860966001239,stop,-0.011257432368823508,-0.013756036794320907,NZDUSD,-0.013380796784265132,0,9,21,1.0,3.0
2011-05-05,2011-07-28,-1,1.075002908706665,1.1030638899121965,stop,-0.02881348324162613,-0.026679910326975323,AUDUSD,-0.026103167701463807,0,9,21,2.0,3.0
2011-06-14,2011-07-01,-1,0.8169267177581787,0.827561582837786,stop,-0.011206713782038039,-0.013330283907828878,NZDUSD,-0.013018138406333011,0,9,21,1.0,3.0
2011-07-13,2011-07-14,-1,0.8177283406257629,0.8285691780703408,stop,-0.0114132472830159,-0.013434580775531155,NZDUSD,-0.0132572602733592,0,9,21,1.0,3.0
2011-08-03,2011-08-09,-1,1.0748873949050903,1.0292273589542933,target,0.044907614774363475,0.04237656536554602,AUDUSD,0.04247890166655894,0,9,21,2.0,3.0
2011-08-04,2011-08-09,-1,0.8661758303642273,0.8294200386319842,target,0.03614946865098812,0.042244069217281945,NZDUSD,0.04243456171801429,0,9,21,1.0,3.0
2011-08-17,2011-09-23,1,1.0476031303405762,1.0025831801550729,stop,-0.04575327237674171,-0.04170467700998535,AUDUSD,-0.042974241754000206,0,9,21,2.0,3.0
2011-08-18,2011-09-22,1,0.8359106779098511,0.8152553652014051,stop,-0.0212404501829829,-0.02326242889619253,NZDUSD,-0.024709951977277628,0,9,21,1.0,3.0
2011-10-10,2011-10-25,1,0.9767532348632812,1.0449707635811396,target,0.06753380145345406,0.07034277058470713,AUDUSD,0.06984110856557024,0,9,21,2.0,3.0
2011-10-10,2011-11-22,1,0.7698822021484375,0.7524862715176174,stop,-0.01793484817232403,-0.020634235453798982,NZDUSD,-0.02259557446876281,0,9,21,1.0,3.0
2011-11-03,2012-02-02,-1,1.0253045558929443,1.0710810933794295,stop,-0.046494250675610194,-0.04529535855425796,AUDUSD,-0.04464677077984702,0,9,21,2.0,3.0
2011-11-30,2011-12-15,1,0.7634170055389404,0.7501176084790911,stop,-0.013833788963726541,-0.01685762429507845,NZDUSD,-0.017420881331377293,0,9,21,1.0,3.0
2011-12-22,2012-01-23,1,0.7686986327171326,0.803984842130116,target,0.034748120370081445,0.047282781399662244,NZDUSD,0.04590382747040495,0,9,21,1.0,3.0
2012-02-13,2012-12-28,-1,0.830426812171936,0.821220338344574,eod,0.008625175058841706,0.008443217059699618,NZDUSD,0.011086436146351093,0,9,21,1.0,3.0
2012-02-14,2012-04-04,-1,1.0705033540725708,1.0371472494942802,target,0.03260675223043984,0.030776274033100483,AUDUSD,0.0311592714318851,0,9,21,2.0,3.0
2012-04-13,2012-05-07,1,1.0438958406448364,1.0218525614057268,stop,-0.02277400632756103,-0.02033083992939332,AUDUSD,-0.021116358913254266,0,9,21,2.0,3.0
2012-05-30,2012-06-20,1,0.9827043414115906,1.013313468013491,target,0.02992123356291229,0.031890697213043544,AUDUSD,0.031147849166853578,0,9,21,2.0,3.0
2012-06-26,2012-07-02,-1,1.0014019012451172,1.0236846719469344,stop,-0.02298375203268875,-0.022371408196811035,AUDUSD,-0.022251576189451356,0,9,21,2.0,3.0
2012-07-11,2012-07-20,-1,1.0188279151916504,1.0417578646114893,stop,-0.0236431289604731,-0.022638709713308384,AUDUSD,-0.02250620451003801,0,9,21,2.0,3.0
2012-07-25,2012-07-30,-1,1.0215965509414673,1.043959617614746,stop,-0.023078184258937835,-0.021993091747004267,AUDUSD,-0.02189031144698932,0,9,21,2.0,3.0
2012-08-14,2012-09-05,-1,1.0514030456542969,1.0214184011731828,target,0.029248662349156036,0.028299941306140577,AUDUSD,0.02851869661691378,0,9,21,2.0,3.0
2012-09-10,2012-10-08,1,1.0362157821655273,1.0192938872746058,stop,-0.01764724593843742,-0.015365424040972728,AUDUSD,-0.016330474001812118,0,9,21,2.0,3.0
2012-10-15,2012-12-12,1,1.0226308107376099,1.0497440610613142,target,0.026397408756188047,0.02866454835500323,AUDUSD,0.026513234335417638,0,9,21,2.0,3.0
2012-12-20,2013-02-08,-1,1.0476799011230469,1.0319340825080872,target,0.015012442684173585,0.014647430573508155,AUDUSD,0.015029226577775513,0,9,21,2.0,3.0
2013-02-15,2013-05-08,1,1.0350574254989624,1.0192639998027258,stop,-0.016517965894085922,-0.012263498993901355,AUDUSD,-0.015258501902561814,0,9,21,2.0,3.0
2013-02-15,2013-02-21,1,0.8514261245727539,0.8437555645193372,stop,-0.008266558340617637,-0.008891622931132893,NZDUSD,-0.00900907293309305,1,9,21,1.0,4.0
2013-03-08,2013-03-14,1,0.8284317851066589,0.8202647226197379,stop,-0.008746964736495668,-0.009737751051985998,NZDUSD,-0.009858461051044189,1,9,21,1.0,4.0
2013-03-19,2013-04-11,1,0.8263097405433655,0.8528092503547668,target,0.02592109299302101,0.033025763188336985,NZDUSD,0.0320697052342331,1,9,21,1.0,4.0
2013-04-17,2013-05-20,-1,0.8495455384254456,0.8150319286755153,target,0.03391892787303242,0.04021986839370448,NZDUSD,0.04062596787206726,1,9,21,1.0,4.0
2013-05-31,2013-06-03,1,0.8090615272521973,0.7981350592204502,stop,-0.011492811100823555,-0.013566913840318448,NZDUSD,-0.013505113843265302,1,9,21,1.0,4.0
2013-06-03,2013-06-20,1,0.9622787237167358,0.9375333445412772,stop,-0.025418974282060317,-0.025081484792927093,AUDUSD,-0.02571539676143027,0,9,21,2.0,3.0
2013-06-14,2013-06-20,1,0.8105698227882385,0.7954878338745662,stop,-0.01564938778962406,-0.018483279900720337,NZDUSD,-0.018606649901907916,1,9,21,1.0,4.0
2013-06-21,2013-07-11,-1,0.7770007848739624,0.7931869838918958,stop,-0.016730099567345162,-0.021179127921476627,NZDUSD,-0.02083163792499767,1,9,21,1.0,4.0
2013-07-11,2013-08-01,1,0.9275577664375305,0.9007791451045445,stop,-0.027427911769492302,-0.0280830178728716,AUDUSD,-0.028870030850838148,0,9,21,2.0,3.0
2013-08-01,2013-08-16,-1,0.7960516214370728,0.8059353700705937,stop,-0.010440984768526878,-0.012711171437920131,NZDUSD,-0.012415964451750357,1,9,21,1.0,4.0
2013-08-09,2013-10-16,1,0.9107467532157898,0.9525046348571777,target,0.04112035891413689,0.048661037203705945,AUDUSD,0.04585015702108569,0,9,21,2.0,3.0
2013-08-22,2013-09-09,-1,0.7848061919212341,0.7971650745187487,stop,-0.012908246931859473,-0.016066237406521484,NZDUSD,-0.01574768742236808,1,9,21,1.0,4.0
2013-09-26,2013-10-15,-1,0.8247422575950623,0.8341520641531263,stop,-0.009987126138380547,-0.011718578100079964,NZDUSD,-0.011409390596163799,1,9,21,1.0,4.0
2013-10-25,2014-03-07,-1,0.8342370986938477,0.8439512210232871,stop,-0.01029808829852516,-0.012837024805306043,NZDUSD,-0.011644318317476796,1,9,21,1.0,4.0
2013-10-29,2013-11-22,-1,0.954562783241272,0.9284127524920872,target,0.025481836800915873,0.02714334898036333,AUDUSD,0.027394772987472706,0,9,21,2.0,3.0
2013-12-10,2013-12-19,1,0.909008264541626,0.8868252549852643,stop,-0.022819315341540792,-0.024062498009730725,AUDUSD,-0.024403529012519593,0,9,21,2.0,3.0
2013-12-25,2014-01-27,1,0.8926976919174194,0.8749873723302569,stop,-0.018335207971504706,-0.018550870845865763,AUDUSD,-0.019839100904498405,0,9,21,2.0,3.0
2014-02-03,2014-03-07,1,0.87565678358078,0.9093487007277352,target,0.03307895739844864,0.039823727516111025,AUDUSD,0.0384761675792432,0,9,21,2.0,3.0
2014-03-24,2014-03-28,-1,0.8539709448814392,0.861087658575603,stop,-0.007714493355580785,-0.00853274193675925,NZDUSD,-0.008333671932072378,1,9,21,1.0,4.0
2014-04-04,2014-04-09,-1,0.8555783629417419,0.8631819486618042,stop,-0.008202490574121474,-0.00909161107501256,NZDUSD,-0.008887071073091174,1,9,21,1.0,4.0
2014-04-10,2014-04-16,1,0.8722198009490967,0.8647339216300419,stop,-0.008096433179719122,-0.008467910624154473,NZDUSD,-0.008582560623949463,1,9,21,1.0,4.0
2014-04-18,2014-06-09,-1,0.9330969452857971,0.9335324764251709,eod,-0.0010886990010738372,-0.0009061557254533747,AUDUSD,-0.00046675872381125524,0,9,21,2.0,3.0
2014-05-02,2014-05-26,1,0.8630361557006836,0.8563583961554936,stop,-0.007281884854180488,-0.006856908028824687,NZDUSD,-0.007737520034451461,1,9,21,1.0,4.0
2014-06-10,2014-06-26,1,0.8495455384254456,0.8731545465333121,target,0.02301432623096878,0.02840225393048086,NZDUSD,0.027790161963093484,1,9,21,1.0,4.0
2014-07-04,2014-07-10,-1,0.8746610283851624,0.8797387651034764,stop,-0.005689999438183632,-0.006011170668048493,NZDUSD,-0.005805376658531087,1,9,21,1.0,4.0
2014-07-16,2014-07-30,-1,0.8729050755500793,0.852232141154153,target,0.02006190084304127,0.023419424366439595,NZDUSD,0.02368291235206628,1,9,21,1.0,4.0
2014-08-14,2014-08-21,1,0.8479607105255127,0.8419298785073417,stop,-0.0066244045155388655,-0.00695885074028258,NZDUSD,-0.0071121597301760315,1,9,21,1.0,4.0
2014-08-15,2014-09-10,1,0.9316191077232361,0.9257252258913857,stop,-0.006546015207256622,-0.005317497022959352,AUDUSD,-0.0063264930731769635,1,5,21,1.0,4.0
2014-09-02,2014-09-03,1,0.8389261364936829,0.8330411272389548,stop,-0.006472257550273591,-0.007074531352108737,NZDUSD,-0.007014931349408885,1,9,21,1.0,4.0
2014-09-04,2014-09-24,-1,0.8322237133979797,0.8080223373004368,target,0.02361881949816433,0.02875594111567767,NZDUSD,0.029080373111129453,1,9,21,1.0,4.0
2014-10-03,2014-10-06,1,0.8795074820518494,0.8695873022079468,stop,-0.010535835081338882,-0.011267874402594743,AUDUSD,-0.011279244402514096,1,5,21,1.0,4.0
2014-10-07,2014-11-06,1,0.8769621849060059,0.866109379700252,stop,-0.011466678735188026,-0.011098318004210182,AUDUSD,-0.012375454030457474,1,5,21,1.0,4.0
2014-10-09,2014-11-03,1,0.7907013297080994,0.7777509221008846,stop,-0.013503898538010446,-0.0153792679363572,NZDUSD,-0.01637838096465025,1,9,21,1.0,4.0
2014-11-12,2014-12-08,1,0.7825338840484619,0.771894348519189,stop,-0.011187309248106804,-0.012548383820098916,NZDUSD,-0.013596261767259116,1,9,21,1.0,4.0
2014-11-12,2014-11-26,1,0.8706251382827759,0.8595348085675921,stop,-0.011699767311981697,-0.012209996297776395,AUDUSD,-0.012738352279901268,1,5,21,1.0,4.0
2014-12-12,2015-01-05,1,0.7790589332580566,0.7687915010111672,stop,-0.010812773500170058,-0.012203739461826006,NZDUSD,-0.01317927541623917,1,9,21,1.0,4.0
2014-12-30,2015-01-05,1,0.8136696815490723,0.8069173736231667,stop,-0.007321876702989882,-0.008101946128009872,AUDUSD,-0.008298586120414887,1,5,21,1.0,4.0
2015-01-09,2015-01-15,1,0.7813110947608948,0.7742241110120501,stop,-0.007633901515177269,-0.008942639872511827,NZDUSD,-0.009070629863528917,1,9,21,1.0,4.0
2015-01-12,2015-01-13,1,0.8222332000732422,0.8152396891798291,stop,-0.007569074133464315,-0.008566317794982774,AUDUSD,-0.008505507796073042,1,5,21,1.0,4.0
2015-01-19,2015-01-21,1,0.7794232368469238,0.7691933682986668,stop,-0.010775464814049873,-0.013150581178105249,NZDUSD,-0.013124921178435611,1,9,21,1.0,4.0
2015-01-22,2015-03-10,-1,0.8101101517677307,0.769994352545057,target,0.039548722116436306,0.04905604396631229,AUDUSD,0.04951894397957804,1,5,21,1.0,4.0
2015-02-06,2015-03-11,1,0.7406858801841736,0.7293390801974705,stop,-0.011865280102831992,-0.013766699567929672,NZDUSD,-0.015319314557314983,1,9,21,1.0,4.0
2015-03-19,2015-05-12,1,0.7505817413330078,0.7383580846445901,stop,-0.012749063907350843,-0.013754207063554827,NZDUSD,-0.01628557692691663,1,9,21,1.0,4.0
2015-03-19,2015-03-20,1,0.7778469324111938,0.7677498842988696,stop,-0.010641540965012092,-0.013045044840467682,AUDUSD,-0.01298076484151595,1,5,21,1.0,4.0
2015-03-31,2015-04-17,-1,0.7658140659332275,0.7778586276939937,stop,-0.01258063160691944,-0.015982419630607002,AUDUSD,-0.01572778863246469,1,5,21,1.0,4.0
2015-05-04,2015-05-13,-1,0.7830240726470947,0.7961693959576743,stop,-0.01369344016143257,-0.016973071167084654,AUDUSD,-0.016787891675080262,1,5,21,1.0,4.0
2015-05-15,2015-05-19,1,0.7492882013320923,0.738427711384637,stop,-0.011384991688387719,-0.014521101397448681,NZDUSD,-0.014494409398342805,1,9,21,1.0,4.0
2015-05-20,2015-06-18,-1,0.7361059784889221,0.6949568561145237,target,0.04063384818945614,0.05545957181084457,NZDUSD,0.05590108432330529,1,9,21,1.0,4.0
2015-05-20,2015-07-16,-1,0.7922046780586243,0.7391053182738168,target,0.052544816510166466,0.06646560067512124,AUDUSD,0.06702732419471787,1,5,21,1.0,4.0
2015-07-13,2015-07-16,1,0.6715014576911926,0.6636931853634971,stop,-0.008278323348079377,-0.01161318748958216,NZDUSD,-0.0116280794900171,1,9,21,1.0,4.0
2015-07-22,2015-07-27,1,0.7425007820129395,0.7325407947812762,stop,-0.010479737779072306,-0.013319834094788733,AUDUSD,-0.013414110089771834,1,5,21,1.0,4.0
2015-07-23,2015-08-06,1,0.6629980802536011,0.6536662706307003,stop,-0.00979590827907833,-0.013471848394318631,NZDUSD,-0.014075168391635966,1,9,21,1.0,4.0
2015-08-05,2015-08-24,1,0.737626314163208,0.7285436860152653,stop,-0.00959896656785694,-0.011486342047808278,AUDUSD,-0.012313319052678295,1,5,21,1.0,4.0
2015-08-11,2015-08-25,1,0.6614194512367249,0.653025188616344,stop,-0.008857256236246606,-0.012086524829944437,NZDUSD,-0.012691284788624331,1,9,21,1.0,4.0
2015-09-11,2016-01-11,1,0.7071135640144348,0.6967125279562814,stop,-0.01089601555296356,-0.00820382517515254,AUDUSD,-0.014709145160650791,1,5,21,1.0,4.0
2015-09-15,2015-10-15,1,0.6341153979301453,0.6720793502671378,target,0.03752007155844146,0.06154077391019525,NZDUSD,0.059869153881001815,1,9,21,1.0,4.0
2015-10-22,2015-12-28,-1,0.6725401878356934,0.6833108791283199,stop,-0.011241469424111519,-0.016855039293794484,NZDUSD,-0.016014940798241034,1,9,21,1.0,4.0
2016-01-05,2016-01-14,-1,0.67458176612854,0.6488023996353149,target,0.02530715925693512,0.037911440506312115,NZDUSD,0.038215332503240086,1,9,21,1.0,4.0
2016-01-22,2016-01-28,1,0.6545788049697876,0.6447473636695317,stop,-0.010289646463734778,-0.014866722274493881,NZDUSD,-0.015019492268329254,1,9,21,1.0,4.0
2016-01-22,2016-03-08,1,0.7016066908836365,0.7457846828869411,target,0.043686867319686094,0.06533288892324289,AUDUSD,0.06296689096232078,1,5,21,1.0,4.0
2016-02-17,2016-02-23,-1,0.6581978797912598,0.6696690746716091,stop,-0.011931933396203192,-0.017686466696065915,NZDUSD,-0.017428185706078656,1,9,21,1.0,4.0
2016-02-24,2016-06-09,1,0.6640105843544006,0.7043466482843671,target,0.03987125652091839,0.06667975627679923,NZDUSD,0.06074611592100467,1,9,21,1.0,4.0
2016-03-24,2016-03-31,-1,0.7533524632453918,0.7646341962473733,stop,-0.011809079726253205,-0.015141296482714069,AUDUSD,-0.014975371492621771,1,5,21,1.0,4.0
2016-04-06,2016-04-13,-1,0.7546030879020691,0.7643162821020398,stop,-0.01024141636150219,-0.013037574796205344,AUDUSD,-0.012871924798207693,1,5,21,1.0,4.0
2016-04-26,2016-05-16,-1,0.7717240452766418,0.7308883241244725,target,0.040295514320475734,0.05264280852828186,AUDUSD,0.05291492652341926,1,5,21,1.0,4.0
2016-05-27,2016-06-24,1,0.7225955128669739,0.7516475319862366,target,0.028546202260255813,0.04158899215970514,AUDUSD,0.04020509206318725,1,5,21,1.0,4.0
2016-06-28,2016-06-30,-1,0.7357268929481506,0.7467586270400456,stop,-0.011546742916958657,-0.015130253085202154,AUDUSD,-0.01499433308423646,1,5,21,1.0,4.0
2016-06-28,2016-06-30,-1,0.7016066908836365,0.7123500534466335,stop,-0.011234487246615563,-0.015540562404364773,NZDUSD,-0.015312514408131316,1,9,21,1.0,4.0
2016-07-04,2016-11-21,1,0.7463800311088562,0.7350628163133349,stop,-0.01183968081729748,-0.008035068658805817,AUDUSD,-0.015162804903432251,1,5,21,1.0,4.0
2016-07-04,2016-07-19,1,0.7176175117492676,0.7070384238447461,stop,-0.011081420162745931,-0.014142753957859784,NZDUSD,-0.014741958956288307,1,9,21,1.0,4.0
2016-07-28,2016-09-07,1,0.7094714641571045,0.7419626031603131,target,0.03199450897829868,0.047840034050605273,NZDUSD,0.04579625910932178,1,9,21,1.0,4.0
2016-09-14,2016-09-22,-1,0.7251105904579163,0.7344933620521,stop,-0.009890349007504311,-0.013201809103544394,NZDUSD,-0.012939780107553572,1,9,21,1.0,4.0
2016-09-23,2016-10-05,1,0.731368362903595,0.7216352011476245,stop,-0.010245119610003016,-0.012843270549301372,NZDUSD,-0.013308152566688849,1,9,21,1.0,4.0
2016-10-19,2016-10-28,1,0.72061687707901,0.7127935418060848,stop,-0.00832776708688053,-0.010592778931110559,NZDUSD,-0.010856441920478997,1,9,21,1.0,4.0
2016-11-02,2016-11-14,1,0.7207207083702087,0.713753457580294,stop,-0.007471755285773927,-0.009278560630007286,NZDUSD,-0.009667060636664752,1,9,21,1.0,4.0
2016-11-28,2016-12-19,1,0.7445462346076965,0.7341425291129521,stop,-0.01092488785896984,-0.012992753230216193,AUDUSD,-0.013973216183446545,1,5,21,1.0,4.0
2016-11-29,2016-12-19,1,0.7085163593292236,0.698563141482217,stop,-0.010449179298537102,-0.01314467580653153,NZDUSD,-0.01404797181596441,1,9,21,1.0,4.0
2016-12-30,2017-01-18,1,0.7234842777252197,0.7529399054391044,target,0.028949188719477006,0.041639643930626524,AUDUSD,0.04071356990161429,1,5,21,1.0,4.0
2016-12-30,2017-01-26,1,0.6972042322158813,0.7282583032335553,target,0.030566028055122874,0.045846065673015995,NZDUSD,0.04454085271252119,1,9,21,1.0,4.0
2017-01-27,2017-02-03,-1,0.7533524632453918,0.7606866955757141,stop,-0.00786157905459404,-0.009901384404038972,AUDUSD,-0.009735459413946674,1,5,21,1.0,4.0
2017-02-03,2017-03-08,-1,0.7285602688789368,0.6981009670666286,target,0.029949309624092903,0.041320262850224845,NZDUSD,0.04180752521569291,1,9,21,1.0,4.0
2017-02-09,2017-02-16,-1,0.7631723284721375,0.769599084343229,stop,-0.006960976501022034,-0.008584897049671705,AUDUSD,-0.008421107044011715,1,5,21,1.0,4.0
2017-02-22,2017-05-04,-1,0.7676364183425903,0.7442499228886196,target,0.022849149961130945,0.029768644253889878,AUDUSD,0.03046558878025188,1,5,21,1.0,4.0
2017-03-16,2017-04-10,1,0.7027407288551331,0.6958495463643756,stop,-0.0073831010009560785,-0.008681982188078384,NZDUSD,-0.00980615212381987,1,9,21,1.0,4.0
2017-04-14,2017-04-26,1,0.6995795369148254,0.695287185055869,stop,-0.004782057534796867,-0.005649610445134692,NZDUSD,-0.0061356166560930835,1,9,21,1.0,4.0
2017-05-16,2017-07-14,1,0.7420544624328613,0.7704287086214338,target,0.027854808064869424,0.04124258762387188,AUDUSD,0.038237417366302325,1,5,21,1.0,4.0
2017-05-17,2017-06-07,1,0.6890421509742737,0.7147129859243121,target,0.025188505444356423,0.03822819099353166,NZDUSD,0.03725582667728098,1,9,21,1.0,4.0
2017-06-22,2017-06-29,-1,0.7248687744140625,0.7304922342300415,eod,-0.006130867958068848,-0.008013119092727082,NZDUSD,-0.007757900484159562,1,9,21,1.0,4.0
2017-08-02,2017-09-08,-1,0.7956082820892334,0.804822998387473,stop,-0.00977164209570202,-0.01197789981926147,AUDUSD,-0.011581976338961813,1,5,21,1.0,4.0
2017-09-08,2017-10-04,1,0.7248477339744568,0.7165141020502362,stop,-0.008841025338002661,-0.010283031283482225,NZDUSD,-0.01149707936386294,2,5,28,1.0,4.0
2017-09-14,2017-10-27,-1,0.797957181930542,0.7696866478238787,target,0.02771196407931187,0.03498374942766434,AUDUSD,0.035428635454181616,1,5,21,1.0,4.0
2017-10-16,2017-10-20,1,0.7177205085754395,0.7116708925792149,stop,-0.006552020352227362,-0.008373198096502332,NZDUSD,-0.008428930097360707,2,5,28,1.0,4.0
2017-11-06,2017-11-20,1,0.6909417510032654,0.6826762727328709,stop,-0.008749137496096763,-0.011383706743692358,NZDUSD,-0.011962626745876608,2,5,28,1.0,4.0
2017-11-09,2017-11-17,1,0.7678722143173218,0.7610773827348437,stop,-0.007332342132500191,-0.008562403300819307,AUDUSD,-0.008848909305201288,1,5,21,1.0,4.0
2017-11-23,2017-12-08,1,0.7613826394081116,0.7556878626346588,stop,-0.006227744621038436,-0.0068359540972708285,AUDUSD,-0.0074795201239153545,1,5,21,1.0,4.0
2017-11-24,2017-12-01,1,0.6889899373054504,0.6833982339927128,stop,-0.006073996268851432,-0.007927116227702287,NZDUSD,-0.008115798228644729,2,5,28,1.0,4.0
2017-12-06,2018-01-05,1,0.6875120401382446,0.7117331538881574,target,0.02373985532181599,0.036684613908494326,NZDUSD,0.035230093926853105,2,5,28,1.0,4.0
2017-12-14,2018-01-15,1,0.7633005380630493,0.7892348085130964,target,0.0253999600734029,0.03544379847903674,AUDUSD,0.033976486530269995,1,5,21,1.0,4.0
2018-02-02,2018-03-20,-1,0.8040524125099182,0.7712193472044808,target,0.03227022861668045,0.04037431490827963,AUDUSD,0.04083448391498034,1,5,21,1.0,4.0
2018-02-05,2018-02-15,-1,0.7282207608222961,0.7358711915356773,stop,-0.008160185245956724,-0.010794021725644344,NZDUSD,-0.01050564763457494,2,5,28,1.0,4.0
2018-02-23,2018-05-02,-1,0.7324022054672241,0.7036030803407941,target,0.028286443582602957,0.03852954690166188,NZDUSD,0.03932146150223302,2,5,28,1.0,4.0
2018-04-05,2018-04-24,1,0.7719981074333191,0.7658000290393829,stop,-0.00673847706913948,-0.007238461260630519,AUDUSD,-0.008028618638124723,1,5,21,1.0,4.0
2018-05-08,2018-06-18,1,0.7518796920776367,0.7445851394108364,stop,-0.007820868451254693,-0.007693455120214967,AUDUSD,-0.009701755139367609,1,5,21,1.0,4.0
2018-05-22,2018-05-30,1,0.69533771276474,0.6890661801610675,stop,-0.006758269002607842,-0.008703012209147924,NZDUSD,-0.009019405230785217,2,5,28,1.0,4.0
2018-06-15,2018-07-03,-1,0.6961994171142578,0.671552198273795,target,0.024159879248482855,0.035043434741139474,NZDUSD,0.03540252725666649,2,5,28,1.0,4.0
2018-07-09,2018-07-12,1,0.683531641960144,0.6765165371554238,stop,-0.0074935769540923295,-0.010248398720258057,NZDUSD,-0.010263028620889026,2,5,28,1.0,4.0
2018-07-13,2018-07-26,-1,0.6772085428237915,0.6843105682304927,stop,-0.007576071386677893,-0.010819452123491181,NZDUSD,-0.010487205871750461,2,5,28,1.0,4.0
2018-08-03,2018-10-05,-1,0.673768162727356,0.649121744292123,target,0.024174780721323817,0.03577108532061308,NZDUSD,0.03657996889533392,2,5,28,1.0,4.0
2018-08-23,2018-08-24,1,0.7332990765571594,0.7265889942646027,stop,-0.007223391646146773,-0.00921872467683358,AUDUSD,-0.009150539673472128,2,9,28,1.0,4.0
2018-08-28,2018-08-31,1,0.7348618507385254,0.7274326724665505,stop,-0.007943581567491835,-0.010014369727560358,AUDUSD,-0.010109625726942625,2,9,28,1.0,4.0
2018-09-19,2018-10-04,1,0.7226007580757141,0.7146128926958356,stop,-0.0084936859105315,-0.010376221303511108,AUDUSD,-0.0110543274285377,2,9,28,1.0,4.0
2018-10-16,2018-10-25,1,0.6572980284690857,0.6511954665184021,stop,-0.006562670570611953,-0.008903970036719581,NZDUSD,-0.00928431500836399,2,5,28,1.0,4.0
2018-10-17,2018-10-23,1,0.7139134407043457,0.707963126046317,stop,-0.006450054066521796,-0.008194711465660101,AUDUSD,-0.008334784469330322,2,9,28,1.0,4.0
2018-10-31,2018-11-15,1,0.6559011340141296,0.6788272942815509,target,0.022467029473611334,0.03560926953195065,NZDUSD,0.034953682923389094,2,5,28,1.0,4.0
2018-11-01,2018-11-19,1,0.7083156108856201,0.7298895461218697,target,0.021078114308629686,0.03127692640933064,AUDUSD,0.03045808239250202,2,9,28,1.0,4.0
2018-11-23,2018-11-30,-1,0.725021243095398,0.7315439667020526,stop,-0.007030238476821401,-0.009169005280828604,AUDUSD,-0.008996596539442868,2,9,28,1.0,4.0
2018-11-26,2018-11-29,-1,0.67728191614151,0.6838097359452929,stop,-0.007001917145081976,-0.009881881745657793,NZDUSD,-0.009638260889899516,2,5,28,1.0,4.0
2018-12-07,2019-01-03,-1,0.7231180667877197,0.6949504954474313,target,0.027661388693537063,0.038600295888447975,AUDUSD,0.03895293539741886,2,9,28,1.0,4.0
2018-12-10,2019-02-01,-1,0.6845095753669739,0.6901583203247615,stop,-0.006127901660544547,-0.00896078766246519,NZDUSD,-0.008252251189852684,2,5,28,1.0,4.0
2019-01-08,2019-02-12,1,0.7145919799804688,0.7067707521574838,stop,-0.008321442208971328,-0.009167788061606931,AUDUSD,-0.010945026031776581,2,9,28,1.0,4.0
2019-02-07,2019-02-18,-1,0.6769701838493347,0.6837619032178607,stop,-0.007265598497220495,-0.010335343469252611,NZDUSD,-0.010032523633326684,2,5,28,1.0,4.0
2019-02-20,2019-03-04,1,0.7166917324066162,0.7101362560476575,stop,-0.0070571605716433315,-0.008672454387170661,AUDUSD,-0.009146856399397447,2,9,28,1.0,4.0
2019-03-01,2019-03-21,-1,0.6821980476379395,0.6892051781926837,stop,-0.00748466918809078,-0.010667181736946849,NZDUSD,-0.010271402240164564,2,5,28,1.0,4.0
2019-03-18,2019-04-25,1,0.7082905769348145,0.7029238385813577,stop,-0.005862541757311172,-0.005572202259892593,AUDUSD,-0.007577029157555366,2,9,28,1.0,4.0
2019-03-28,2019-05-16,-1,0.6798281073570251,0.6563883253506252,target,0.02296390233125004,0.0338096965360231,NZDUSD,0.03447898336761485,2,5,28,1.0,4.0
2019-05-28,2019-05-31,1,0.6546516418457031,0.6510067113808223,stop,-0.004103186614172784,-0.005552465208263419,NZDUSD,-0.005567740507920205,2,5,28,1.0,4.0
2019-05-29,2019-06-17,1,0.6926167011260986,0.6884786231177193,stop,-0.004622909699167556,-0.0050938390637175245,AUDUSD,-0.005974557069806931,2,9,28,1.0,4.0
2019-06-04,2019-06-17,1,0.6592783331871033,0.6547740484986987,stop,-0.0049657795216355525,-0.006270924555367224,NZDUSD,-0.006832144273011114,2,5,28,1.0,4.0
2019-06-21,2019-08-05,1,0.6584709286689758,0.652710850749697,stop,-0.006221007569347077,-0.006363345345782479,NZDUSD,-0.008747657137912129,2,5,28,1.0,4.0
2019-06-25,2019-07-29,1,0.696567952632904,0.6919886554990496,stop,-0.0050668947006974425,-0.004793928749137045,AUDUSD,-0.006574085294256611,2,9,28,1.0,4.0
2019-08-19,2019-08-26,1,0.6786608695983887,0.6729448224817004,stop,-0.006191109725407144,-0.008142575127336312,AUDUSD,-0.00842253822600802,2,9,28,1.0,4.0
2019-08-28,2019-12-30,1,0.6754383444786072,0.6959268621035984,target,0.02001571078385624,0.037232884141933376,AUDUSD,0.030333660788546168,2,9,28,1.0,4.0
2019-09-05,2019-09-20,1,0.6356592178344727,0.6313035190105438,stop,-0.004800660276412964,-0.006175791546455785,NZDUSD,-0.006852254638527193,2,5,28,1.0,4.0
2019-10-04,2019-12-05,1,0.6303898096084595,0.6532444443021502,target,0.022413361826964833,0.03983984879021073,NZDUSD,0.036254765456767084,2,5,28,1.0,4.0
2020-01-06,2020-02-10,-1,0.665530800819397,0.6451399326324463,target,0.019924996626377107,0.030090069704204483,NZDUSD,0.030638504126098427,2,5,28,1.0,4.0
2020-01-07,2020-01-31,-1,0.693731427192688,0.6745478085109166,target,0.01869800668273655,0.02730684806716956,AUDUSD,0.027652803274894836,2,9,28,1.0,4.0
2020-02-14,2020-02-21,1,0.6721997857093811,0.6667298333985465,stop,-0.005940492160831147,-0.007854736676630414,AUDUSD,-0.008137390738769828,2,9,28,1.0,4.0
2020-02-17,2020-02-19,1,0.6446580290794373,0.6395931456770215,stop,-0.005516144022771337,-0.007887722130253887,NZDUSD,-0.007856697929673372,2,5,28,1.0,4.0
2020-03-06,2020-03-11,1,0.6615506410598755,0.6540986214365277,stop,-0.00791510507208965,-0.011067965426829718,AUDUSD,-0.011264473436846497,2,9,28,1.0,4.0
2020-03-06,2020-03-13,1,0.6313091516494751,0.6243516079017094,stop,-0.007399460153920325,-0.010814897471273446,NZDUSD,-0.011020818769357496,2,5,28,1.0,4.0
2020-03-12,2020-03-18,-1,0.647939920425415,0.6025677749088832,target,0.044918587572234,0.06984003314199377,AUDUSD,0.07002523549828818,2,9,28,1.0,4.0
2020-03-27,2020-09-02,1,0.5979001522064209,0.6761684417724609,target,0.07784975945949553,0.14095713014126066,NZDUSD,0.13090528456500283,2,5,28,1.0,4.0
2020-03-30,2020-07-22,1,0.618058443069458,0.7084962470190865,target,0.0900051630394799,0.15337999992174697,AUDUSD,0.14632565085671848,2,9,28,1.0,4.0
2020-08-11,2020-08-19,-1,0.7158001661300659,0.7231293661253793,stop,-0.007830260111604386,-0.010434755884027183,AUDUSD,-0.010239170570381753,2,9,28,1.0,4.0
2020-08-24,2020-08-27,-1,0.7161374688148499,0.723227219922202,stop,-0.0075910473355225,-0.010046606162443702,AUDUSD,-0.009899986268118431,2,9,28,1.0,4.0
2020-08-28,2020-09-23,1,0.7269898653030396,0.720210748059409,stop,-0.0072880101493426885,-0.008031910102620998,AUDUSD,-0.009324912996971071,2,9,28,1.0,4.0
2020-09-09,2020-09-14,-1,0.6612619757652283,0.6684585596833911,stop,-0.007659467301198462,-0.011132628501198484,NZDUSD,-0.010883105610049243,2,5,28,1.0,4.0
2020-09-16,2020-09-23,1,0.6710913777351379,0.6638259206499372,stop,-0.007735221049615362,-0.010632616245617958,NZDUSD,-0.01082633055087209,2,5,28,1.0,4.0
2020-10-02,2020-10-08,1,0.6651412844657898,0.6580119431018829,stop,-0.007594940263032913,-0.010568192845753811,NZDUSD,-0.01071853684384185,2,5,28,1.0,4.0
2020-10-05,2020-10-16,1,0.7177205085754395,0.709396847656795,stop,-0.008826065274647256,-0.011081835928627977,AUDUSD,-0.01159735693656795,2,9,28,1.0,4.0
2020-10-12,2020-10-16,1,0.6664400696754456,0.660342391048159,stop,-0.006564186676059418,-0.00908960745748178,NZDUSD,-0.009149627858145083,2,5,28,1.0,4.0
2020-10-19,2020-10-26,-1,0.6617783308029175,0.6673478697027478,stop,-0.006032783731392404,-0.008695568639801999,NZDUSD,-0.008416018839832657,2,5,28,1.0,4.0
2020-10-27,2020-10-30,1,0.7117098569869995,0.705249262707574,stop,-0.006958791179316368,-0.008979212830464146,AUDUSD,-0.009077567517156758,2,9,28,1.0,4.0
2020-10-30,2020-11-04,-1,0.6629716753959656,0.6696077457496098,stop,-0.007100150526421395,-0.010273546527574121,NZDUSD,-0.010009583516039006,2,5,28,1.0,4.0
2020-11-05,2020-12-11,1,0.7180498242378235,0.7521489603178841,target,0.033596501203094174,0.049298996929127016,AUDUSD,0.04748853760427461,2,9,28,1.0,4.0
2020-12-09,2020-12-14,-1,0.7040716409683228,0.7094939861978803,stop,-0.00591519537823536,-0.007935762363433862,NZDUSD,-0.007701411211648977,2,5,28,1.0,4.0
2020-12-23,2020-12-25,-1,0.7054275274276733,0.7119598048073905,stop,-0.007026076648916548,-0.00947266320054728,NZDUSD,-0.009260026190836343,2,5,28,1.0,4.0
2020-12-29,2020-12-31,-1,0.7107997536659241,0.717848390340805,stop,-0.007546196502447128,-0.010141585780949836,NZDUSD,-0.009916487222354668,2,5,28,1.0,4.0
2021-01-12,2021-02-22,-1,0.7174013257026672,0.727159036057336,stop,-0.010259891282660635,-0.014166004425367881,NZDUSD,-0.013601466856938776,2,5,28,1.0,4.0
2021-01-18,2021-02-22,-1,0.7688876986503601,0.7813850002629417,stop,-0.013035523001636809,-0.016650418045513832,AUDUSD,-0.016253741130880694,2,9,28,1.0,4.0
2021-03-02,2021-07-21,-1,0.7274197936058044,0.6925106814929417,target,0.03439991825733868,0.046539993014279454,NZDUSD,0.04799032473369884,2,5,28,1.0,4.0
2021-03-02,2021-07-19,-1,0.7772001028060913,0.7403960568564278,target,0.0362600058776992,0.046100155957651344,AUDUSD,0.047354659137051024,2,9,28,1.0,4.0
2021-07-26,2021-08-19,1,0.6983678936958313,0.6907377115317753,stop,-0.008119039689643058,-0.009751568228624923,NZDUSD,-0.010925734463072614,2,5,28,1.0,4.0
2021-07-29,2021-08-18,1,0.7377101182937622,0.7312537900039128,stop,-0.0069727253726550665,-0.007802967787893641,AUDUSD,-0.00875184998788165,2,9,28,1.0,4.0
2021-08-26,2021-09-30,1,0.6972820162773132,0.6894113676888602,stop,-0.008358745999847107,-0.00955230227220432,NZDUSD,-0.011287611618715238,2,5,28,1.0,4.0
2021-08-30,2021-09-22,1,0.731598436832428,0.7236160039901733,stop,-0.008494551748037338,-0.009749108914359692,AUDUSD,-0.010910948466232178,2,9,28,1.0,4.0
2021-10-05,2021-11-25,1,0.7289697527885437,0.721711550440107,stop,-0.00776848117538864,-0.007309222814876164,AUDUSD,-0.009956794943372756,2,9,28,1.0,4.0
2021-10-14,2021-11-25,1,0.6972284913063049,0.6897567936352321,stop,-0.00795975761498722,-0.008593592697061125,NZDUSD,-0.010716282774208028,2,5,28,1.0,4.0
2021-12-10,2022-01-28,1,0.7146124243736267,0.7076340786048344,stop,-0.0074785744658538425,-0.0072323760300172105,AUDUSD,-0.009765217523203541,2,9,28,1.0,4.0
2021-12-10,2021-12-20,1,0.6795694231987,0.6732403891427177,stop,-0.006804732652221374,-0.008989565815406116,NZDUSD,-0.009313300216174871,2,5,28,1.0,4.0
2021-12-21,2021-12-23,-1,0.671312153339386,0.6770300567150116,stop,-0.00618782188296318,-0.008755842340089439,NZDUSD,-0.008517503142438848,2,5,28,1.0,4.0
2022-02-08,2022-03-24,1,0.7129998207092285,0.7474352461951119,target,0.033936325611386944,0.0506247329066351,AUDUSD,0.04829654157785078,2,9,28,1.0,4.0
2022-02-21,2022-03-23,1,0.6689589619636536,0.6945429955210004,target,0.025115762283972283,0.039829100247250275,NZDUSD,0.03824454863755438,3,7,21,1.5,4.0
2022-04-01,2022-04-25,-1,0.6934000253677368,0.6633159943989345,target,0.029598650951044886,0.04296802693798774,NZDUSD,0.043386255939127746,3,7,21,1.5,4.0
2022-04-08,2022-04-26,-1,0.7478480935096741,0.7179128187043327,target,0.029411781139884647,0.0397744877114628,AUDUSD,0.04002855000252024,2,9,28,1.0,4.0
2022-05-18,2022-06-15,1,0.6359097957611084,0.6230263411998749,stop,-0.013328591418266296,-0.01878168042204575,NZDUSD,-0.02025987749695467,3,7,21,1.5,4.0
2022-05-19,2022-06-24,1,0.695900022983551,0.6903502941131592,eod,-0.00603685888648033,-0.006106809498542431,AUDUSD,-0.007974893931743733,2,9,28,1.0,4.0
2022-06-21,2022-07-04,1,0.6337416768074036,0.6210753853831973,stop,-0.01310991059797146,-0.019402687047743533,NZDUSD,-0.019986521145358743,3,7,21,1.5,4.0
2022-07-18,2022-09-07,1,0.6189689040184021,0.607529512473515,stop,-0.011872669777699926,-0.015460213724407947,NZDUSD,-0.01848136711007852,3,7,21,1.5,4.0
2022-09-12,2022-09-16,1,0.611291766166687,0.5997952946594783,stop,-0.011924375743525352,-0.018741413088303762,NZDUSD,-0.0188068482899765,3,7,21,1.5,4.0
2022-09-13,2022-09-16,1,0.689398467540741,0.6703741720744542,stop,-0.01950687439356533,-0.02749396228555829,AUDUSD,-0.027595500080165966,3,7,28,2.0,3.0
2022-10-05,2022-11-24,1,0.5737300515174866,0.6182471428598676,target,0.044115480306318774,0.08069490384881807,NZDUSD,0.07759239946493232,3,7,21,1.5,4.0
2022-10-24,2023-01-13,1,0.6371902227401733,0.6920914394514901,target,0.054455183555398634,0.09097945110020253,AUDUSD,0.08616142362514528,3,7,28,2.0,3.0
2022-11-30,2022-12-02,-1,0.6196900010108948,0.6351619405405862,stop,-0.015905722530399017,-0.025209281260319613,NZDUSD,-0.024967224748587445,3,7,21,1.5,4.0
2022-12-16,2023-02-02,-1,0.6343004107475281,0.6495602067027774,stop,-0.01570380624277256,-0.024767122469202204,NZDUSD,-0.024057679447606693,3,7,21,1.5,4.0
2023-02-06,2023-03-08,-1,0.6920798420906067,0.6607106796332768,target,0.030884706567866477,0.04492135237376229,AUDUSD,0.04532592997156399,3,7,28,2.0,3.0
2023-03-02,2023-03-08,1,0.6256999969482422,0.6140841735260827,stop,-0.012053813420023268,-0.018404704296509828,NZDUSD,-0.018564525297768794,3,7,21,1.5,4.0
2023-03-14,2023-05-26,1,0.6216315627098083,0.6088138350418636,stop,-0.013252869761841621,-0.016259997519886667,NZDUSD,-0.020619493019417935,3,7,21,1.5,4.0
2023-03-17,2023-08-15,1,0.6663401126861572,0.6489472985267639,stop,-0.01785925223827362,-0.017532809352115136,AUDUSD,-0.026102006810424808,3,7,28,2.0,3.0
2023-06-07,2023-07-14,1,0.6078399419784546,0.6391583681106567,target,0.030892938172817228,0.05361349901773528,NZDUSD,0.05152413319576201,3,7,21,1.5,4.0
2023-07-21,2023-10-19,-1,0.6230296492576599,0.5869565606117249,target,0.03563696789145469,0.05674383023032415,NZDUSD,0.057899473466336886,3,7,21,1.5,4.0
2023-08-25,2023-11-28,1,0.6413956880569458,0.6604039924485343,target,0.018559327409948652,0.03517065177024653,AUDUSD,0.029635846865719618,3,7,28,2.0,3.0
2023-11-02,2023-11-28,1,0.5879793763160706,0.6101867215973991,target,0.021795759717907256,0.03916352547193776,NZDUSD,0.037768918733964,3,7,21,1.5,4.0
2023-12-06,2023-12-15,-1,0.6554699540138245,0.6696242094039917,stop,-0.014613084357976912,-0.021800015855289474,AUDUSD,-0.021594056758044336,3,7,28,2.0,3.0
2023-12-07,2023-12-20,-1,0.6140506863594055,0.6240515070302146,stop,-0.01043065615126068,-0.016653056332264885,NZDUSD,-0.016286637069167918,3,7,21,1.5,4.0
2024-01-02,2024-03-25,-1,0.6315284371376038,0.5997313857078552,target,0.03135498152375221,0.04928052261717448,NZDUSD,0.050349358096791884,3,7,21,1.5,4.0
2024-01-03,2024-02-05,-1,0.6765698194503784,0.6528631917067936,target,0.02323302886996952,0.0346181976645244,AUDUSD,0.03503944022043906,3,7,28,2.0,3.0
2024-02-19,2024-07-08,1,0.6537913680076599,0.6729045978614262,target,0.018655575896160927,0.037371600558482786,AUDUSD,0.029234448157385823,3,7,28,2.0,3.0
2024-04-04,2024-04-16,1,0.6014711856842041,0.5937060373170036,stop,-0.00818617819717949,-0.012444733090057856,NZDUSD,-0.012910258300016976,3,7,21,1.5,4.0
2024-04-24,2024-06-04,1,0.5936902165412903,0.617166783128466,target,0.02306098343559677,0.041884750488298206,NZDUSD,0.03954346211723857,3,7,21,1.5,4.0
2024-06-10,2024-07-30,-1,0.6106199026107788,0.5887416771480015,target,0.021450791530949746,0.035076199401953806,NZDUSD,0.03582953220036607,3,7,21,1.5,4.0
2024-07-18,2024-07-25,-1,0.6730697751045227,0.6603550953524453,target,0.012243530909504242,0.018704865702998362,AUDUSD,0.018890581960990468,3,7,28,2.0,3.0
2024-08-02,2024-08-21,1,0.5936197638511658,0.6154866644314357,target,0.021451366745574147,0.03786413786907783,NZDUSD,0.0368365440503637,3,7,21,1.5,4.0
2024-08-09,2024-09-20,1,0.659200131893158,0.6796300453799111,target,0.01996847339442795,0.033328138790958264,AUDUSD,0.030991974209835876,3,7,28,2.0,3.0
2024-09-04,2024-09-25,-1,0.618739128112793,0.62814043036529,stop,-0.00983441964217598,-0.01563874307094586,NZDUSD,-0.01519429081715229,3,7,21,1.5,4.0
2024-10-03,2024-10-28,-1,0.6261191964149475,0.5982241375105721,target,0.027456775466884915,0.0440811574895142,NZDUSD,0.044552313783218535,3,7,21,1.5,4.0
2024-10-07,2024-10-29,-1,0.6800592541694641,0.658603127513613,target,0.02098008517793244,0.03122687696057618,AUDUSD,0.03155037818293464,3,7,28,2.0,3.0
2024-11-05,2024-11-14,1,0.5973715782165527,0.5911419561931065,stop,-0.006647782128197822,-0.010009887047687039,NZDUSD,-0.010428387038507446,3,7,21,1.5,4.0
2024-11-06,2024-11-14,1,0.6641499996185303,0.6524517961910793,stop,-0.012163108427183954,-0.017282546765103893,AUDUSD,-0.01761379723582039,3,7,28,2.0,3.0
2024-11-25,2024-12-11,1,0.6539880037307739,0.6385555437632969,stop,-0.015890251570088536,-0.022710600015212638,AUDUSD,-0.023597466435837024,3,7,28,2.0,3.0
2024-11-29,2024-12-11,1,0.5896400213241577,0.5807031499488013,stop,-0.00934961939028328,-0.01457986409411344,NZDUSD,-0.015156487097478206,3,7,21,1.5,4.0
2024-12-31,2025-04-07,1,0.5639712810516357,0.5543996265956334,stop,-0.00996643435273853,-0.010570847587993676,NZDUSD,-0.016971882749338137,3,7,21,1.5,4.0
2025-01-07,2025-04-07,1,0.623910129070282,0.607086718082428,stop,-0.0172601480782032,-0.02151497525429963,AUDUSD,-0.026964478061805738,3,7,28,2.0,3.0
2025-04-11,2026-07-08,1,0.5747886300086975,0.567659318447113,eod,-0.007531663602590561,0.01778164686079624,NZDUSD,-0.012403362191553084,3,7,21,1.5,4.0
2025-04-14,2026-01-07,1,0.6301316618919373,0.6715792374951499,target,0.0410064834398883,0.08212184648497631,AUDUSD,0.06577605619557109,3,7,28,2.0,3.0
2026-01-12,2026-01-23,-1,0.6685801148414612,0.6784813489232745,stop,-0.010369240162202338,-0.015041180344105697,AUDUSD,-0.014809345749329041,3,7,28,2.0,3.0
2026-02-19,2026-05-04,-1,0.704379141330719,0.7206867422376361,stop,-0.016800666305848578,-0.023932566877363167,AUDUSD,-0.023151737395443905,3,7,28,2.0,3.0
2026-05-18,2026-06-24,-1,0.7130200862884521,0.6921542755195073,target,0.020366696708542978,0.028808179690796413,AUDUSD,0.029263987326864214,3,7,28,2.0,3.0
2026-07-06,2026-07-08,1,0.6937001347541809,0.6922600269317627,eod,-0.0019256979167461398,-0.0020183185100783557,AUDUSD,-0.0020759803123413384,3,7,28,2.0,3.0
