entry_time,exit_time,ticker,direction,entry_price,exit_price,reason,pnl,ret,fold,fast,slow
2008-09-01,2008-09-17,AUDNZD,1,1.223400,1.201486,stop,-0.022771,-0.017798,0,9,28
2008-09-23,2008-09-30,AUDNZD,1,1.224600,1.187971,stop,-0.037486,-0.030009,0,9,28
2008-10-21,2009-01-20,AUDNZD,1,1.111700,1.246214,target,0.133736,0.122834,0,9,28
2009-02-10,2009-03-03,AUDNZD,-1,1.250900,1.285271,stop,-0.035247,-0.027501,0,9,28
2009-02-24,2009-05-08,CADJPY,1,77.827003,85.189005,target,7.307523,0.094337,0,9,21
2009-03-11,2009-03-30,AUDNZD,-1,1.267300,1.213986,target,0.052427,0.042014,0,9,28
2009-04-02,2009-05-19,AUDNZD,1,1.228300,1.287414,target,0.058255,0.048843,0,9,28
2009-05-13,2009-05-22,CADJPY,-1,81.150002,84.447575,stop,-3.354379,-0.040877,0,9,21
2009-05-22,2009-09-21,AUDNZD,-1,1.264300,1.211700,target,0.051715,0.042601,0,9,28
2009-06-12,2009-07-07,CADJPY,-1,88.000999,81.502427,target,6.436972,0.073633,0,9,21
2009-07-15,2009-11-26,CADJPY,1,84.370003,81.169433,stop,-3.259629,-0.038172,0,9,21
2009-09-30,2009-10-02,AUDNZD,1,1.220900,1.208557,stop,-0.013197,-0.010323,0,9,28
2009-10-05,2009-10-08,AUDNZD,-1,1.201300,1.213214,stop,-0.012755,-0.010126,0,9,28
2009-10-23,2009-10-28,AUDNZD,-1,1.221300,1.233429,stop,-0.012983,-0.010119,0,9,28
2009-11-13,2009-11-26,AUDNZD,-1,1.254700,1.274371,stop,-0.020550,-0.015782,0,9,28
2009-12-03,2010-01-04,CADJPY,1,83.566002,88.746282,target,5.121784,0.061751,0,9,21
2009-12-09,2010-02-17,AUDNZD,-1,1.259000,1.278329,stop,-0.020210,-0.014876,0,9,28
2010-01-12,2010-02-08,CADJPY,-1,87.613998,83.003998,target,4.548671,0.052405,0,9,21
2010-02-11,2010-03-31,CADJPY,1,85.453003,91.174428,target,5.661608,0.066720,0,9,21
2010-03-16,2010-04-06,AUDNZD,-1,1.289500,1.308107,stop,-0.019510,-0.014453,0,9,28
2010-04-12,2010-05-06,CADJPY,-1,92.889999,88.301714,target,4.523262,0.049193,0,9,21
2010-04-19,2010-05-04,AUDNZD,-1,1.303400,1.263486,target,0.039002,0.030539,0,9,28
2010-05-13,2010-05-20,CADJPY,1,90.800003,85.673864,stop,-5.189699,-0.056676,0,9,21
2010-05-17,2010-05-20,AUDNZD,1,1.255550,1.232117,stop,-0.024312,-0.018823,0,9,28
2010-05-27,2010-09-22,AUDNZD,1,1.243700,1.301237,target,0.056667,0.048466,0,9,28
2010-05-28,2010-07-16,CADJPY,1,86.338997,81.820139,stop,-4.579295,-0.052570,0,9,21
2010-07-09,2010-09-10,AUDUSD,1,0.878194,0.920605,target,0.041796,0.050969,0,9,21
2010-07-23,2010-08-12,CADJPY,1,84.401001,81.232859,stop,-3.227223,-0.037774,0,9,21
2010-08-20,2011-04-07,CADJPY,1,82.084000,88.585717,target,6.444259,0.078964,0,9,21
2010-10-06,2010-12-14,AUDNZD,-1,1.297800,1.318126,stop,-0.021234,-0.015222,0,9,28
2010-10-20,2010-11-03,AUDUSD,-1,0.970780,0.998829,stop,-0.028729,-0.029069,0,9,21
2010-11-12,2011-03-30,AUDUSD,-1,0.996413,1.024484,stop,-0.028769,-0.029146,0,9,21
2010-12-29,2011-01-12,AUDNZD,-1,1.336200,1.299997,target,0.035268,0.027004,0,9,28
2011-01-24,2011-03-01,AUDNZD,1,1.303500,1.348763,target,0.044350,0.035200,0,9,28
2011-03-15,2011-05-27,AUDNZD,-1,1.364700,1.318314,target,0.045430,0.034466,0,9,28
2011-04-14,2011-08-01,CADJPY,-1,87.000000,80.930283,target,6.008817,0.069601,0,9,21
2011-05-05,2011-07-28,AUDUSD,-1,1.075003,1.103064,stop,-0.028813,-0.026680,0,9,21
2011-06-16,2011-07-14,AUDNZD,1,1.311100,1.279786,stop,-0.032232,-0.023564,0,9,28
2011-07-29,2011-08-10,AUDNZD,1,1.262400,1.237479,stop,-0.025805,-0.019725,0,9,28
2011-08-03,2011-08-09,AUDUSD,-1,1.074887,1.029227,target,0.044908,0.042377,0,9,21
2011-08-15,2011-11-15,AUDNZD,1,1.243100,1.309700,target,0.065730,0.055233,0,9,28
2011-08-17,2011-09-23,AUDUSD,1,1.047603,1.002583,stop,-0.045753,-0.041705,0,9,21
2011-08-18,2011-09-23,CADJPY,1,78.059998,74.977421,stop,-3.137218,-0.039746,0,9,21
2011-10-10,2012-02-20,CADJPY,1,73.949997,79.399998,target,5.398236,0.073428,0,9,21
2011-10-10,2011-10-25,AUDUSD,1,0.976753,1.044971,target,0.067534,0.070343,0,9,21
2011-11-03,2012-02-02,AUDUSD,-1,1.025305,1.071081,stop,-0.046494,-0.045295,0,9,21
2011-11-16,2012-01-11,AUDNZD,1,1.317900,1.297956,stop,-0.020867,-0.014268,0,9,28
2012-02-09,2012-02-22,AUDNZD,1,1.293100,1.279290,stop,-0.014715,-0.010649,0,9,28
2012-02-14,2012-04-04,AUDUSD,-1,1.070503,1.037147,target,0.032607,0.030776,0,9,21
2012-02-29,2012-03-29,AUDNZD,1,1.284400,1.271480,stop,-0.013819,-0.009717,0,9,28
2012-03-08,2012-03-14,CADJPY,-1,81.440002,83.801431,stop,-2.418436,-0.029238,0,9,21
2012-03-23,2012-05-31,CADJPY,-1,82.599998,77.322291,target,5.219888,0.063696,0,9,21
2012-04-13,2012-05-07,AUDUSD,1,1.043896,1.021853,stop,-0.022774,-0.020331,0,9,21
2012-04-17,2012-05-17,AUDNZD,1,1.262700,1.293880,target,0.030296,0.025089,0,9,28
2012-05-29,2012-09-21,AUDNZD,-1,1.293000,1.261237,target,0.030858,0.025486,0,9,28
2012-05-30,2012-06-20,AUDUSD,1,0.982704,1.013313,target,0.029921,0.031891,0,9,21
2012-06-08,2012-11-22,CADJPY,1,77.550003,82.530282,target,4.925994,0.063962,0,9,21
2012-06-26,2012-07-02,AUDUSD,-1,1.001402,1.023685,stop,-0.022984,-0.022371,0,9,21
2012-07-11,2012-07-20,AUDUSD,-1,1.018828,1.041758,stop,-0.023643,-0.022639,0,9,21
2012-07-25,2012-07-30,AUDUSD,-1,1.021597,1.043960,stop,-0.023078,-0.021993,0,9,21
2012-08-14,2012-09-05,AUDUSD,-1,1.051403,1.021418,target,0.029249,0.028300,0,9,21
2012-09-10,2012-10-08,AUDUSD,1,1.036216,1.019294,stop,-0.017647,-0.015365,0,9,21
2012-10-11,2012-12-19,AUDNZD,1,1.251630,1.251100,eod,-0.001406,0.000759,0,9,28
2012-10-15,2012-12-12,AUDUSD,1,1.022631,1.049744,target,0.026397,0.028665,0,9,21
2012-12-04,2012-12-13,CADJPY,-1,82.610001,84.308001,stop,-1.755827,-0.020790,0,9,21
2012-12-20,2013-02-08,AUDUSD,-1,1.047680,1.031934,target,0.015012,0.014647,0,9,21
2013-01-22,2013-02-04,CADJPY,-1,90.220001,92.952571,stop,-2.795724,-0.030502,0,9,21
2013-02-14,2013-04-08,CADJPY,-1,93.089996,95.734570,stop,-2.709737,-0.028595,0,9,21
2013-02-15,2013-05-08,AUDUSD,1,1.035057,1.019264,stop,-0.016518,-0.012263,0,9,21
2013-02-22,2013-04-25,AUDNZD,1,1.232400,1.214074,stop,-0.019188,-0.013815,1,5,28
2013-04-17,2013-05-10,CADJPY,-1,95.489998,99.116999,stop,-3.693844,-0.038180,0,9,21
2013-05-14,2013-05-28,AUDNZD,1,1.205900,1.190231,stop,-0.016513,-0.012943,1,5,28
2013-05-21,2013-05-27,CADJPY,-1,99.680000,97.900002,eod,1.710223,0.017660,0,9,21
2013-06-03,2013-06-19,AUDNZD,1,1.206000,1.188243,stop,-0.018601,-0.014608,1,5,28
2013-06-03,2013-06-20,AUDUSD,1,0.962279,0.937533,stop,-0.025419,-0.025081,0,9,21
2013-06-25,2013-07-04,AUDNZD,1,1.192400,1.171357,stop,-0.021878,-0.017681,1,5,28
2013-07-11,2013-08-01,AUDUSD,1,0.927558,0.900779,stop,-0.027428,-0.028083,0,9,21
2013-07-18,2013-07-25,AUDNZD,1,1.167510,1.147459,stop,-0.020869,-0.017277,1,5,28
2013-07-22,2013-07-31,CADJPY,1,96.936996,95.310858,stop,-1.693994,-0.016982,1,5,28
2013-08-09,2013-10-16,AUDUSD,1,0.910747,0.952505,target,0.041120,0.048661,0,9,21
2013-08-12,2013-11-25,AUDNZD,1,1.142240,1.118046,stop,-0.024994,-0.019080,1,5,28
2013-08-15,2013-08-28,CADJPY,1,94.695999,92.838678,stop,-1.923609,-0.019825,1,5,28
2013-09-03,2013-12-27,CADJPY,1,94.335999,98.403708,target,4.001675,0.042907,1,5,28
2013-10-29,2013-11-22,AUDUSD,-1,0.954563,0.928413,target,0.025482,0.027143,0,9,21
2013-12-10,2013-12-19,AUDUSD,1,0.909008,0.886825,stop,-0.022819,-0.024062,0,9,21
2013-12-24,2014-01-15,AUDNZD,1,1.088900,1.072339,stop,-0.017324,-0.014934,1,5,28
2013-12-25,2014-01-27,AUDUSD,1,0.892698,0.874987,stop,-0.018335,-0.018551,0,9,21
2014-01-07,2014-01-23,CADJPY,-1,97.720001,94.694286,target,2.957311,0.030767,1,5,28
2014-01-29,2014-08-21,AUDNZD,1,1.062690,1.108373,target,0.044939,0.047636,1,5,28
2014-02-03,2014-03-07,AUDUSD,1,0.875657,0.909349,target,0.033079,0.039824,0,9,21
2014-02-07,2014-09-05,CADJPY,1,92.163002,96.873004,target,4.645488,0.050888,1,5,28
2014-04-18,2014-06-09,AUDUSD,-1,0.933097,0.933532,eod,-0.001089,-0.000906,0,9,21
2014-08-15,2014-09-10,AUDUSD,1,0.931619,0.925725,stop,-0.006546,-0.005317,1,5,21
2014-09-10,2014-11-27,AUDNZD,-1,1.114990,1.086130,target,0.028079,0.026511,1,5,28
2014-09-26,2014-10-16,CADJPY,-1,97.786003,94.068576,target,3.648977,0.037822,1,5,28
2014-10-03,2014-10-06,AUDUSD,1,0.879507,0.869587,stop,-0.010536,-0.011268,1,5,21
2014-10-07,2014-11-06,AUDUSD,1,0.876962,0.866109,stop,-0.011467,-0.011098,1,5,21
2014-10-24,2014-11-10,CADJPY,1,96.347000,100.999579,target,4.585136,0.048082,1,5,28
2014-11-12,2014-11-26,AUDUSD,1,0.870625,0.859535,stop,-0.011700,-0.012210,1,5,21
2014-11-28,2014-12-04,CADJPY,-1,103.889000,105.383214,stop,-1.566936,-0.014572,1,5,28
2014-12-10,2015-01-13,CADJPY,-1,104.293999,99.579432,target,4.641561,0.045029,1,5,28
2014-12-30,2015-01-05,AUDUSD,1,0.813670,0.806917,stop,-0.007322,-0.008102,1,5,21
2015-01-02,2015-01-29,AUDNZD,1,1.049100,1.071617,target,0.021783,0.021845,1,5,28
2015-01-12,2015-01-13,AUDUSD,1,0.822233,0.815240,stop,-0.007569,-0.008566,1,5,21
2015-01-22,2015-03-10,AUDUSD,-1,0.810110,0.769994,target,0.039549,0.049056,1,5,21
2015-02-04,2015-04-03,AUDNZD,-1,1.058280,1.013166,target,0.044373,0.043046,1,5,28
2015-02-06,2015-08-25,CADJPY,1,94.487999,91.903928,stop,-2.650213,-0.027560,1,5,28
2015-03-19,2015-03-20,AUDUSD,1,0.777847,0.767750,stop,-0.010642,-0.013045,1,5,21
2015-03-31,2015-04-17,AUDUSD,-1,0.765814,0.777859,stop,-0.012581,-0.015982,1,5,21
2015-04-10,2015-05-06,AUDNZD,1,1.016850,1.055196,target,0.037634,0.038084,1,5,28
2015-05-04,2015-05-13,AUDUSD,-1,0.783024,0.796169,stop,-0.013693,-0.016973,1,5,21
2015-05-20,2015-07-16,AUDUSD,-1,0.792205,0.739105,target,0.052545,0.066466,1,5,21
2015-05-22,2015-06-11,AUDNZD,-1,1.074040,1.096207,stop,-0.022919,-0.020676,1,5,28
2015-06-29,2015-10-15,AUDNZD,-1,1.117100,1.075723,target,0.040595,0.038024,1,5,28
2015-07-22,2015-07-27,AUDUSD,1,0.742501,0.732541,stop,-0.010480,-0.013320,1,5,21
2015-08-05,2015-08-24,AUDUSD,1,0.737626,0.728544,stop,-0.009599,-0.011486,1,5,21
2015-09-10,2015-12-21,CADJPY,1,90.545998,87.374893,stop,-3.234487,-0.035243,1,5,28
2015-09-11,2016-01-11,AUDUSD,1,0.707114,0.696713,stop,-0.010896,-0.008204,1,5,21
2015-11-04,2016-06-09,AUDNZD,1,1.079050,1.051907,stop,-0.027898,-0.020243,1,5,28
2016-01-04,2016-01-06,CADJPY,1,86.739998,85.497249,stop,-1.303467,-0.014558,1,5,28
2016-01-22,2016-06-27,CADJPY,1,82.625999,80.133749,stop,-2.550088,-0.030405,1,5,28
2016-01-22,2016-03-08,AUDUSD,1,0.701607,0.745785,target,0.043687,0.065333,1,5,21
2016-03-24,2016-03-31,AUDUSD,-1,0.753352,0.764634,stop,-0.011809,-0.015141,1,5,21
2016-04-06,2016-04-13,AUDUSD,-1,0.754603,0.764316,stop,-0.010241,-0.013038,1,5,21
2016-04-26,2016-05-16,AUDUSD,-1,0.771724,0.730888,target,0.040296,0.052643,1,5,21
2016-05-27,2016-06-24,AUDUSD,1,0.722596,0.751648,target,0.028546,0.041589,1,5,21
2016-06-27,2016-09-08,AUDNZD,1,1.047560,1.030619,stop,-0.017675,-0.014645,1,5,28
2016-06-28,2016-06-30,AUDUSD,-1,0.735727,0.746759,stop,-0.011547,-0.015130,1,5,21
2016-07-04,2016-11-21,AUDUSD,1,0.746380,0.735063,stop,-0.011840,-0.008035,1,5,21
2016-07-13,2016-08-03,CADJPY,1,80.196999,77.187035,stop,-3.066102,-0.037782,1,5,28
2016-08-12,2016-09-22,CADJPY,1,78.388000,76.774965,stop,-1.667907,-0.020833,1,5,28
2016-09-20,2016-10-06,AUDNZD,1,1.031860,1.060157,target,0.027575,0.027559,1,5,28
2016-10-03,2016-11-18,CADJPY,1,77.327003,81.176713,target,3.795581,0.049526,1,5,28
2016-10-19,2017-03-07,AUDNZD,-1,1.064720,1.080164,stop,-0.016190,-0.013125,1,5,28
2016-11-28,2016-12-19,AUDUSD,1,0.744546,0.734143,stop,-0.010925,-0.012993,1,5,21
2016-12-22,2017-03-22,CADJPY,-1,87.557999,83.487143,target,4.009565,0.046318,1,5,28
2016-12-30,2017-01-18,AUDUSD,1,0.723484,0.752940,target,0.028949,0.041640,1,5,21
2017-01-27,2017-02-03,AUDUSD,-1,0.753352,0.760687,stop,-0.007862,-0.009901,1,5,21
2017-02-09,2017-02-16,AUDUSD,-1,0.763172,0.769599,stop,-0.006961,-0.008585,1,5,21
2017-02-22,2017-05-04,AUDUSD,-1,0.767636,0.744250,target,0.022849,0.029769,1,5,21
2017-03-22,2017-05-29,AUDNZD,-1,1.089940,1.062037,target,0.027140,0.026114,1,5,28
2017-03-31,2017-04-06,CADJPY,1,83.831001,82.671288,stop,-1.218395,-0.014073,1,5,28
2017-04-11,2017-04-14,CADJPY,1,83.097000,81.856286,stop,-1.298882,-0.015172,1,5,28
2017-04-26,2017-06-29,CADJPY,1,81.806000,85.142288,target,3.279024,0.040538,1,5,28
2017-05-16,2017-07-14,AUDUSD,1,0.742054,0.770429,target,0.027855,0.041243,1,5,21
2017-06-14,2017-06-23,AUDNZD,1,1.045690,1.038520,eod,-0.007902,-0.006933,1,5,28
2017-07-24,2017-09-12,CADJPY,-1,88.504997,89.808926,stop,-1.365882,-0.014930,1,5,28
2017-08-02,2017-09-08,AUDUSD,-1,0.795608,0.804823,stop,-0.009772,-0.011978,1,5,21
2017-08-25,2017-10-23,AUDNZD,1,1.096240,1.124480,target,0.027473,0.026855,2,7,28
2017-09-14,2017-10-27,AUDUSD,-1,0.797957,0.769687,target,0.027712,0.034984,1,5,21
2017-09-26,2017-10-09,CADJPY,-1,90.334000,89.766998,eod,0.503768,0.006063,1,5,28
2017-11-01,2018-02-22,AUDNZD,-1,1.109260,1.066549,target,0.041935,0.039541,2,7,28
2017-11-09,2017-11-17,AUDUSD,1,0.767872,0.761077,stop,-0.007332,-0.008562,1,5,21
2017-11-23,2017-12-08,AUDUSD,1,0.761383,0.755688,stop,-0.006228,-0.006836,1,5,21
2017-12-06,2018-01-08,CADJPY,1,88.580002,91.190432,target,2.548424,0.029244,2,5,28
2017-12-14,2018-01-15,AUDUSD,1,0.763301,0.789235,target,0.025400,0.035444,1,5,21
2018-01-11,2018-02-14,CADJPY,-1,88.922997,86.089068,target,2.771682,0.031664,2,5,28
2018-02-02,2018-03-20,AUDUSD,-1,0.804052,0.771219,target,0.032270,0.040374,1,5,21
2018-02-27,2018-03-27,AUDNZD,1,1.076630,1.062071,stop,-0.015312,-0.013132,2,7,28
2018-03-12,2018-03-16,CADJPY,1,83.421997,81.553425,stop,-1.926967,-0.022639,2,5,28
2018-03-22,2018-04-13,CADJPY,1,82.128998,85.066000,target,2.879512,0.035517,2,5,28
2018-04-05,2018-04-24,AUDUSD,1,0.771998,0.765800,stop,-0.006738,-0.007238,1,5,21
2018-04-17,2018-05-14,AUDNZD,1,1.055170,1.081139,target,0.025230,0.024990,2,7,28
2018-04-23,2018-05-17,CADJPY,-1,84.478996,85.973854,stop,-1.553993,-0.017917,2,5,28
2018-05-08,2018-06-18,AUDUSD,1,0.751880,0.744585,stop,-0.007821,-0.007693,1,5,21
2018-05-25,2018-09-21,CADJPY,-1,84.834999,86.995712,stop,-2.220098,-0.025633,2,5,28
2018-05-29,2018-08-09,AUDNZD,-1,1.087250,1.100841,stop,-0.014353,-0.011912,2,7,28
2018-08-17,2018-11-13,AUDNZD,-1,1.101500,1.069831,target,0.030898,0.029495,2,7,28
2018-08-23,2018-08-24,AUDUSD,1,0.733299,0.726589,stop,-0.007223,-0.009219,2,9,28
2018-08-28,2018-08-31,AUDUSD,1,0.734862,0.727433,stop,-0.007944,-0.010014,2,9,28
2018-09-19,2018-10-04,AUDUSD,1,0.722601,0.714613,stop,-0.008494,-0.010376,2,9,28
2018-10-09,2018-11-21,CADJPY,-1,87.269997,84.783426,target,2.425482,0.028290,2,5,28
2018-10-17,2018-10-23,AUDUSD,1,0.713913,0.707963,stop,-0.006450,-0.008195,2,9,28
2018-11-01,2018-11-19,AUDUSD,1,0.708316,0.729890,target,0.021078,0.031277,2,9,28
2018-11-23,2018-11-30,AUDUSD,-1,0.725021,0.731544,stop,-0.007030,-0.009169,2,9,28
2018-11-27,2018-12-07,AUDNZD,1,1.065960,1.053237,stop,-0.013469,-0.011954,2,7,28
2018-11-29,2018-12-07,CADJPY,1,85.523003,84.256147,stop,-1.326722,-0.015047,2,5,28
2018-12-07,2019-01-03,AUDUSD,-1,0.723118,0.694950,target,0.027661,0.038600,2,9,28
2018-12-14,2018-12-19,CADJPY,1,85.056999,83.700574,stop,-1.415966,-0.016182,2,5,28
2018-12-17,2019-02-14,AUDNZD,1,1.056300,1.041886,stop,-0.015154,-0.012472,2,7,28
2019-01-08,2019-02-12,AUDUSD,1,0.714592,0.706771,stop,-0.008321,-0.009168,2,9,28
2019-01-08,2019-08-26,CADJPY,1,81.669998,78.921283,stop,-2.805884,-0.033901,2,5,28
2019-02-20,2019-03-04,AUDUSD,1,0.716692,0.710136,stop,-0.007057,-0.008672,2,9,28
2019-02-28,2019-03-13,AUDNZD,1,1.043020,1.029626,stop,-0.014124,-0.012803,2,7,28
2019-03-18,2019-04-25,AUDUSD,1,0.708291,0.702924,stop,-0.005863,-0.005572,2,9,28
2019-03-19,2019-04-11,AUDNZD,1,1.036900,1.056794,target,0.019168,0.019495,2,7,28
2019-04-26,2019-08-06,AUDNZD,-1,1.057940,1.034557,target,0.022642,0.023048,2,7,28
2019-05-29,2019-06-17,AUDUSD,1,0.692617,0.688479,stop,-0.004623,-0.005094,2,9,28
2019-06-25,2019-07-29,AUDUSD,1,0.696568,0.691989,stop,-0.005067,-0.004794,2,9,28
2019-08-08,2019-09-17,AUDNZD,1,1.047590,1.077893,target,0.029570,0.029594,2,7,28
2019-08-19,2019-08-26,AUDUSD,1,0.678661,0.672945,stop,-0.006191,-0.008143,2,9,28
2019-08-28,2019-12-30,AUDUSD,1,0.675438,0.695927,target,0.020016,0.037233,2,9,28
2019-08-29,2019-10-18,CADJPY,1,79.702003,82.577286,target,2.819491,0.035824,2,5,28
2019-09-25,2019-12-03,AUDNZD,-1,1.075900,1.051026,target,0.024121,0.023649,2,7,28
2019-10-31,2020-01-01,CADJPY,-1,82.627998,83.750857,stop,-1.180698,-0.013793,2,5,28
2019-12-17,2020-03-13,AUDNZD,1,1.042130,1.031436,stop,-0.011423,-0.008380,2,7,28
2020-01-06,2020-03-02,CADJPY,-1,83.115997,80.860002,target,2.197814,0.026937,2,5,28
2020-01-07,2020-01-31,AUDUSD,-1,0.693731,0.674548,target,0.018698,0.027307,2,9,28
2020-02-14,2020-02-21,AUDUSD,1,0.672200,0.666730,stop,-0.005940,-0.007855,2,9,28
2020-03-06,2020-03-11,AUDUSD,1,0.661551,0.654099,stop,-0.007915,-0.011068,2,9,28
2020-03-12,2020-03-18,AUDUSD,-1,0.647940,0.602568,target,0.044919,0.069840,2,9,28
2020-03-23,2021-02-16,CADJPY,1,76.361000,82.888146,target,6.473693,0.085216,2,5,28
2020-03-25,2020-08-10,AUDNZD,1,1.024990,1.083988,target,0.058281,0.060701,2,7,28
2020-03-30,2020-07-22,AUDUSD,1,0.618058,0.708496,target,0.090005,0.153380,2,9,28
2020-08-11,2020-08-19,AUDUSD,-1,0.715800,0.723129,stop,-0.007830,-0.010435,2,9,28
2020-08-24,2020-08-27,AUDUSD,-1,0.716137,0.723227,stop,-0.007591,-0.010047,2,9,28
2020-08-27,2020-10-28,AUDNZD,-1,1.092150,1.063206,target,0.028179,0.026959,2,7,28
2020-08-28,2020-09-23,AUDUSD,1,0.726990,0.720211,stop,-0.007288,-0.008032,2,9,28
2020-10-05,2020-10-16,AUDUSD,1,0.717721,0.709397,stop,-0.008826,-0.011082,2,9,28
2020-10-27,2020-10-30,AUDUSD,1,0.711710,0.705249,stop,-0.006959,-0.008979,2,9,28
2020-11-04,2020-11-12,AUDNZD,1,1.069516,1.058222,stop,-0.012042,-0.010653,2,7,28
2020-11-05,2020-12-11,AUDUSD,1,0.718050,0.752149,target,0.033597,0.049299,2,9,28
2020-12-07,2021-01-19,AUDNZD,1,1.055350,1.079786,target,0.023697,0.023912,2,7,28
2021-01-18,2021-02-22,AUDUSD,-1,0.768888,0.781385,stop,-0.013036,-0.016650,2,9,28
2021-01-25,2021-03-23,AUDNZD,-1,1.074020,1.083051,stop,-0.009783,-0.008008,2,7,28
2021-03-02,2021-07-19,AUDUSD,-1,0.777200,0.740396,target,0.036260,0.046100,2,9,28
2021-03-23,2021-04-30,CADJPY,-1,86.870003,88.356859,stop,-1.547666,-0.017323,2,5,28
2021-04-02,2021-07-16,AUDNZD,-1,1.084310,1.061004,target,0.022547,0.022462,2,7,28
2021-05-21,2021-07-09,CADJPY,-1,90.209999,88.327696,target,1.819156,0.020672,2,5,28
2021-07-23,2021-09-22,CADJPY,1,87.658997,85.263711,stop,-2.456647,-0.027553,2,5,28
2021-07-29,2021-08-18,AUDUSD,1,0.737710,0.731254,stop,-0.006973,-0.007803,2,9,28
2021-08-19,2021-09-01,AUDNZD,1,1.051836,1.040605,stop,-0.011967,-0.010639,2,7,28
2021-08-30,2021-09-22,AUDUSD,1,0.731598,0.723616,stop,-0.008495,-0.009749,2,9,28
2021-09-23,2021-10-12,AUDNZD,1,1.034472,1.055942,target,0.020746,0.020909,2,7,28
2021-09-24,2021-10-12,CADJPY,1,87.125000,90.119216,target,2.933228,0.034137,2,5,28
2021-10-05,2021-11-25,AUDUSD,1,0.728970,0.721712,stop,-0.007768,-0.007309,2,9,28
2021-10-18,2021-12-29,AUDNZD,-1,1.047910,1.061606,stop,-0.014429,-0.012459,2,7,28
2021-10-26,2021-12-01,CADJPY,-1,91.896004,89.086764,target,2.744913,0.030373,2,5,28
2021-12-08,2022-02-21,CADJPY,1,89.764999,90.111000,eod,0.283165,0.003632,2,5,28
2021-12-10,2022-01-28,AUDUSD,1,0.714612,0.707634,stop,-0.007479,-0.007232,2,9,28
2022-02-08,2022-03-24,AUDUSD,1,0.713000,0.747435,target,0.033936,0.050625,2,9,28
2022-03-21,2022-05-04,AUDNZD,1,1.074063,1.098575,target,0.023760,0.023623,3,7,28
2022-04-08,2022-04-26,AUDUSD,-1,0.747848,0.717913,target,0.029412,0.039774,2,9,28
2022-04-20,2022-04-26,CADJPY,1,102.605003,100.590331,stop,-2.086496,-0.019830,3,9,28
2022-05-19,2022-06-24,AUDUSD,1,0.695900,0.690350,eod,-0.006037,-0.006107,2,9,28
2022-05-23,2022-06-08,AUDNZD,-1,1.099821,1.113255,stop,-0.014204,-0.012287,3,7,28
2022-05-31,2022-06-09,CADJPY,1,100.966003,106.618862,target,5.582182,0.055790,3,9,28
2022-06-15,2022-08-26,AUDNZD,-1,1.106250,1.119272,stop,-0.013797,-0.011211,3,7,28
2022-06-16,2022-09-07,CADJPY,-1,104.163002,107.641285,stop,-3.551198,-0.033544,3,9,28
2022-09-05,2022-09-20,AUDNZD,-1,1.115570,1.128192,stop,-0.013403,-0.011413,3,7,28
2022-09-13,2022-09-16,AUDUSD,1,0.689398,0.670374,stop,-0.019507,-0.027494,3,7,28
2022-09-19,2022-11-30,CADJPY,-1,107.669998,102.573425,target,5.021204,0.047184,3,9,28
2022-10-05,2022-11-01,AUDNZD,-1,1.135410,1.102160,target,0.032455,0.029311,3,7,28
2022-10-24,2023-01-13,AUDUSD,1,0.637190,0.692091,target,0.054455,0.090979,3,7,28
2022-11-11,2022-11-23,AUDNZD,1,1.097850,1.081018,stop,-0.017600,-0.015313,3,7,28
2022-12-16,2022-12-21,CADJPY,1,100.849998,97.952625,stop,-2.967969,-0.028928,3,9,28
2022-12-22,2024-07-12,AUDNZD,1,1.067651,1.109512,target,0.041113,0.052602,3,7,28
2022-12-30,2023-06-14,CADJPY,1,98.053001,105.134021,target,7.012383,0.072012,3,9,28
2023-02-06,2023-03-08,AUDUSD,-1,0.692080,0.660711,target,0.030885,0.044921,3,7,28
2023-03-17,2023-08-15,AUDUSD,1,0.666340,0.648947,stop,-0.017859,-0.017533,3,7,28
2023-07-06,2023-07-13,CADJPY,-1,108.739998,105.042460,target,3.621420,0.033823,3,9,28
2023-07-24,2024-04-22,CADJPY,1,107.174004,112.413429,target,5.164404,0.048700,3,9,28
2023-08-25,2023-11-28,AUDUSD,1,0.641396,0.660404,target,0.018559,0.035171,3,7,28
2023-12-06,2023-12-15,AUDUSD,-1,0.655470,0.669624,stop,-0.014613,-0.021800,3,7,28
2024-01-03,2024-02-05,AUDUSD,-1,0.676570,0.652863,target,0.023233,0.034618,3,7,28
2024-02-19,2024-07-08,AUDUSD,1,0.653791,0.672905,target,0.018656,0.037372,3,7,28
2024-05-03,2024-05-15,CADJPY,-1,111.985001,114.524000,stop,-2.617389,-0.022846,3,9,28
2024-06-05,2024-06-20,CADJPY,-1,113.419998,115.154570,stop,-1.813966,-0.015463,3,9,28
2024-07-12,2024-07-25,CADJPY,-1,116.095001,112.000432,target,4.013303,0.035103,3,9,28
2024-07-18,2024-07-25,AUDUSD,-1,0.673070,0.660355,target,0.012244,0.018705,3,7,28
2024-07-25,2024-08-29,AUDNZD,-1,1.109140,1.085986,target,0.022378,0.021011,3,7,28
2024-08-09,2024-09-20,AUDUSD,1,0.659200,0.679630,target,0.019968,0.033328,3,7,28
2024-08-14,2025-03-04,CADJPY,1,107.191772,103.154345,stop,-4.112462,-0.037852,3,9,28
2024-09-12,2024-11-25,AUDNZD,1,1.088372,1.113254,target,0.024120,0.024314,3,7,28
2024-10-07,2024-10-29,AUDUSD,-1,0.680059,0.658603,target,0.020980,0.031227,3,7,28
2024-11-06,2024-11-14,AUDUSD,1,0.664150,0.652452,stop,-0.012163,-0.017283,3,7,28
2024-11-25,2024-12-11,AUDUSD,1,0.653988,0.638556,stop,-0.015890,-0.022711,3,7,28
2024-11-29,2024-12-25,AUDNZD,-1,1.103560,1.115799,stop,-0.013011,-0.011054,3,7,28
2024-12-31,2025-04-17,AUDNZD,-1,1.102695,1.074619,target,0.027304,0.026450,3,7,28
2025-01-07,2025-04-07,AUDUSD,1,0.623910,0.607087,stop,-0.017260,-0.021515,3,7,28
2025-03-18,2025-11-13,CADJPY,1,104.485001,110.329289,target,5.771149,0.055743,3,9,28
2025-04-14,2026-01-07,AUDUSD,1,0.630132,0.671579,target,0.041006,0.082122,3,7,28
2025-04-29,2025-08-26,AUDNZD,1,1.076390,1.107858,target,0.030715,0.031799,3,7,28
2025-09-10,2025-09-18,AUDNZD,-1,1.111030,1.119275,stop,-0.009023,-0.007601,3,7,28
2025-10-07,2025-11-04,AUDNZD,-1,1.132610,1.144337,stop,-0.012520,-0.010301,3,7,28
2025-11-18,2026-01-05,AUDNZD,-1,1.148210,1.160633,stop,-0.013227,-0.010541,3,7,28
2025-12-04,2025-12-10,CADJPY,-1,111.158997,112.893852,stop,-1.812667,-0.015784,3,9,28
2026-01-06,2026-03-04,CADJPY,-1,113.713997,115.307854,stop,-1.673457,-0.014166,3,9,28
2026-01-12,2026-01-23,AUDUSD,-1,0.668580,0.678481,stop,-0.010369,-0.015041,3,7,28
2026-01-19,2026-02-12,AUDNZD,-1,1.160307,1.172090,stop,-0.012596,-0.010138,3,7,28
2026-02-19,2026-05-04,AUDUSD,-1,0.704379,0.720687,stop,-0.016801,-0.023933,3,7,28
2026-03-20,2026-04-28,CADJPY,-1,114.959999,116.818857,stop,-1.939330,-0.016327,3,9,28
2026-03-23,2026-04-29,AUDNZD,-1,1.201780,1.218683,stop,-0.017744,-0.013907,3,7,28
2026-05-04,2026-07-10,CADJPY,-1,115.422997,114.591003,eod,0.751197,0.007065,3,9,28
2026-05-07,2026-05-27,AUDNZD,-1,1.215190,1.226997,stop,-0.012658,-0.009749,3,7,28
2026-05-18,2026-06-24,AUDUSD,-1,0.713020,0.692154,target,0.020367,0.028808,3,7,28
2026-05-28,2026-07-10,AUDNZD,-1,1.210590,1.204940,eod,0.004803,0.004874,3,7,28
2026-07-06,2026-07-08,AUDUSD,1,0.693700,0.692260,eod,-0.001926,-0.002018,3,7,28
